:020000040800F2
:1000000048D80020DD0300081D95000899800008ED
:1000100009940008B32A000819C60008000000006F
:100020000000000000000000000000001D030008A8
:10003000633E00080000000079030008D5B70008FF
:10004000F7030008F7030008F7030008F7030008A8
:10005000F7030008F7030008653E0008F7030008EF
:10006000F70300086B3E0008713E0008F703000824
:10007000F7030008F7030008F7030008F703000878
:10008000F7030008F7030008F7030008F703000868
:10009000B52A0008F7030008F7030008773E0008B8
:1000A000F7030008F7030008F7030008F703000848
:1000B000F7030008F7030008F7030008F703000838
:1000C000F7030008F7030008F7030008F703000828
:1000D000F703000879C40008F703000885C4000886
:1000E000F7030008F7030008F7030008F703000808
:1000F000F7030008F7030008F70300086938000851
:10010000F7030008F7030008F7030008F7030008E7
:10011000F7030008F7030008F7030008F7030008D7
:10012000F7030008C1380008CD380008F7030008BD
:10013000F7030008F7030008F7030008F7030008B7
:10014000C12A0008F7030008F7030008F7030008B6
:10015000F7030008993D0008A53D000855C50008B3
:10016000F7030008F7030008F7030008F703000887
:10017000F7030008F7030008F70300080000000079
:10018000F7030008F703000800F002F800F0B6F8E3
:100190000AA090E8000C82448344AAF10107DA45E2
:1001A00001D100F0ABF8AFF2090EBAE80F0013F07E
:1001B000010F18BFFB1A43F0010318476C790100C7
:1001C0008C79010010F8013B0A4413F0030408BFC6
:1001D00010F8014B1D1108BF10F8015B641E05D01B
:1001E00010F8016B641E01F8016BF9D1002D15D0D8
:1001F00010F8014B03F00C030C2BA1EB04040ABF15
:1002000010F8013BA4EB8314A4EB032405F10103D4
:1002100014F8016B5B1E01F8016BF9D5914238BFF0
:1002200010F8013BD1D3704700230024002500269D
:10023000103A28BF78C1FBD8520728BF30C148BF49
:100240000B6070476E2900F0A183702900F0E384F1
:10025000662915F0BF85652915F0BC85672915F05D
:10026000B985612915F0B88503681B0A28BF41F0DC
:100270008001692900F04E83642900F04B837529C1
:1002800000F048836F2900F07084782900F0AF8473
:10029000E92900F00B84E42900F00884F52900F036
:1002A0000584EF2900F06D84F82900F0AE8403681E
:1002B000DB0928BF41F08001632901F0D181732956
:1002C00001F0D681E32901F0E181F32901F0E68113
:1002D000002070471FB515F0C5FC01F031FA04008D
:1002E0000020002114F084F8401C606000200021F0
:1002F00014F068F8E0601FBD10B510BD01F0F3F90F
:100300001146FFF7E7FF11F06EF801F0CFFA03B4E2
:10031000FFF7F2FF03BC01F0DFFA00002C4B196875
:100320000868B0E8F04F80F30988BFF36F8F4FF093
:10033000000080F311887047000000000848006842
:10034000006880F308884FF0000080F3148862B6DC
:1003500061B6BFF34F8FBFF36F8F00DF00BF00BFE9
:1003600008ED00E0DFF80C00016841F47001016065
:10037000704700BF88ED00E0EFF30980BFF36F8F97
:10038000134B1A681EF0100F08BF20ED108A20E9E9
:10039000F04F106009B44FF0500080F31188BFF3A4
:1003A0004F8FBFF36F8F13F0F5F94FF0000080F31C
:1003B000118809BC19680868B0E8F04F1EF0100FEA
:1003C00008BFB0EC108A80F30988BFF36F8F7047C5
:1003D00010070020EFF305807047000009488047B0
:1003E00009480047FEE7FEE7FEE7FEE7FEE7FEE717
:1003F000FEE7FEE7FEE7FEE704480549054A064B2F
:10040000704700009DB80008890100084898002046
:1004100048D8002048B8002048B800209FED1A1A9C
:10042000F5EE000A40EE010ABDEEE00AF5EEC00A64
:1004300010EE100AF1EE10FA38BF401E00EE100A5E
:100440001349F7EE001AB8EEC00A30EEC00ADFED2D
:100450000F0A20EE200AFCEEC00A10EE900AC0F34C
:10046000080000EE900A01EB8000F8EE600A90EDC3
:10047000011A70EE600A90ED000A71EEE01A21EEAA
:10048000800A00EE810A704783F9223E0000004492
:10049000CC6F0108DFED190AB5EEC00A60EE200A44
:1004A000BDEEE01A11EE100AF1EE10FA38BF401E50
:1004B00000EE100A1349F7EE001AB8EEC00A30EE4B
:1004C000C00ADFED0F0A60EE200ABCEEE00A10EE73
:1004D000100AC0F3080000EE100A01EB8000B8EE2D
:1004E000400A90ED011A70EEC00A90ED000A71EE1C
:1004F000E01A21EE800A00EE810A704783F9223E5D
:1005000000000044CC6F010853EA020C00F069803F
:100510002DE9F04B4FF00006002B1FBFB3FA83F517
:1005200003FA05F424FA05F65E4012BF1643B2FA48
:1005300082F502FA05F4C5F120051EBF22FA05FC7A
:1005400044EA0C04203556EA044C4FEA144418BF20
:10055000641C4FF000084FF00009904271EB030C4F
:1005600039D3002919BFB1FA81F701FA07F6B0FAB9
:1005700080F700FA07F6C7F120071EBF20FA07FC34
:1005800046EA0C062037B6FBF4FCA7EB0507103F44
:1005900007F01F0BCBF120060CFA0BFB2CFA06F62A
:1005A00044BFB3460026202FA4BF5E464FF0000B89
:1005B0005BEA060C08BF4FF0010B19EB0B09ABFB14
:1005C000027C48EB0608C01B06FB02CC0BFB03CCED
:1005D00071EB0C01C1E70B46024641464846BDE8B7
:1005E000F08B13B54FF000004FF00001AFF3008027
:1005F000BDE81C40704700001CB50C46064B7B4410
:1006000069460090204600F0DAF904460020694669
:1006100000F0E8F920461CBDE303000040EA0103B6
:10062000024630B59B0710D14FF0013400E008C2FC
:1006300008C91D1B9D4315EAC41FF8D013F0FF0124
:1006400002F8011B0DD01B0AF8E711F8013B002B43
:1006500002F8013B05D011F8013B002B02F8013BE9
:10066000F3D130BD10B5431C02E010F8011B71B18D
:100670008107FAD14FF0013202C88C1A8C4314EA78
:10068000C211F9D0C01A0A0603D0C01E10BDC01A8C
:1006900010BD0A0401D0801E10BD0902FCD0401E0E
:1006A00010BD032A40F2308010F0030C00F01580DA
:1006B00011F8013BBCF1020F624498BF11F801CB65
:1006C00000F8013B38BF11F8013BA2F1040298BFCA
:1006D00000F801CB38BF00F8013B11F0030300F034
:1006E0002580083AC0F0088051F8043B083A51F8D8
:1006F00004CBA0E80810F5E7121D5CBF51F8043BDD
:1007000040F8043BAFF30080D20724BF11F8013B4F
:1007100011F801CB48BF11F8012B24BF00F8013BB1
:1007200000F801CB48BF00F8012B704710B5203A04
:10073000C0F00B80B1E81850203AA0E81850B1E89A
:100740001850A0E81850BFF4F5AF5FEA027C24BF50
:10075000B1E81850A0E8185044BF18C918C0BDE847
:1007600010405FEA827C24BF51F8043B40F8043B10
:1007700008BF7047D20728BF31F8023B48BF11F8C5
:10078000012B28BF20F8023B48BF00F8012B70471F
:1007900002F0FF0343EA032242EA024200F002B8F9
:1007A0004FF000020429C0F0128010F0030C00F09A
:1007B0001B80CCF1040CBCF1020F18BF00F8012B18
:1007C000A8BF20F8022BA1EB0C0100F00DB85FEAE6
:1007D000C17C24BF00F8012B00F8012B48BF00F8B2
:1007E000012B70474FF0000200B513469446964621
:1007F000203922BFA0E80C50A0E80C50B1F1200134
:10080000BFF4F7AF090728BFA0E80C5048BF0CC0E1
:100810005DF804EB890028BF40F8042B08BF70473F
:1008200048BF20F8022B11F0804F18BF00F8012BB1
:10083000704770477047704710B500F0BFFA006806
:1008400010BD10B5044600F0B9FA046010BD70B5D3
:10085000044685690068C10601D5302600E02026DF
:10086000C00707D070BDD4E9012130469047206A07
:10087000401C20626D1EF6D570BD70B504468569BA
:100880000078C00707D170BDD4E90121202090472E
:10089000206A401C20626D1EF6D570BD09684A05AD
:1008A00001D540B27047C905FCD500B27047096850
:1008B0004A0501D5C0B27047C905FCD580B2704762
:1008C00070B50C460546012A05D02878800600D56B
:1008D000EA69002302E0012305E05B1C934202D297
:1008E000E05C0028F9D1A869E618C01AA861286A56
:1008F000184428622846FFF7AAFF04E0D5E9012141
:1009000014F8010B9047B442F8D32846FFF7B5FF1F
:1009100070BD00002DE9F0410646002410687529DD
:10092000314616A510D0FFF7B9FF002802DA404281
:1009300013A507E031688A0701D512A502E049072F
:1009400004D511A5012401E0FFF7B1FF00210A221F
:1009500006F1240709E0B0FBF2FCB0FBF2F302FB66
:100960001C00303078541846491C0028F3D1234627
:100970002A463046BDE8F04100F082BA000000008F
:100980002D0000002B00000020000000116802680C
:10099000006A530501D508700AE0D30501D5088027
:1009A00006E0130603D5C217C1E9000200E00860A3
:1009B0000120704701694A1C02610878704700B540
:1009C0008FB0CDE901310021059105497944CDE988
:1009D00003101146684600F029F90FB000BD000071
:1009E000E5FFFFFF0A6802F8010B0A60704700008C
:1009F0002DE9FF5F15468A460446DFF8AC80F844CF
:100A00000027D8E900103E46CDE9001010E03AF882
:100A100016106A4602A800F045FE411C07D0217856
:100A2000890603D5E269391891420DD80744761C2E
:100A30002078800602D5E069B84205DDAE42E6DBEB
:100A40003AF816000028E2D1A069C01BA061204638
:100A5000FFF7FDFED8E90010CDE90010002017E0F7
:100A60003AF818106A4602A800F01CFEB0F1FF3FE9
:100A700081460BD000250DF1080B05E0D4E90121DA
:100A80001BF8050090476D1C4D45F7D308F1010098
:100A9000B0428046E4DB206A384420622046FFF7FB
:100AA000ECFEBDE8FF9F0000CE6D01002DE9F04196
:100AB0008046D21D22F007020025D2E90002F52966
:100AC00015A614D0011E72F1000106DA0023D0EB46
:100AD000030063EB020211A608E0D8F800108B07B0
:100AE00001D50FA602E0490701D50EA60125114642
:100AF000002408F1240704E000F064F930323A558C
:100B0000641C50EA0102F7D12B463246214640468A
:100B1000BDE8F04100F0B4B9000000002D00000075
:100B20002B0000002000000030B4002100F124045C
:100B300008E002F00705D208303542EA4372DB08CC
:100B40006554491C52EA0305F3D10468002310A23E
:100B5000250707D5A40600D421B1C46901230DA23D
:100B6000641EC46130BC00F08BB910B50446214648
:100B70001068FFF79CFE02462046BDE810400023A7
:100B8000D2E7D21D22F00701D1E90023CCE7000013
:100B90000000000030000000F0B40D460188090597
:100BA00002D5214C7C4402E01F4C7C440E340021D1
:100BB00000F1240608E002F00F071209E75D42EA9F
:100BC00003721B097754491C52EA0307F3D10278D8
:100BD0000023120704D5702D06D009B10223113469
:100BE0002246F0BC00F04CB901231034F8E770B590
:100BF00004460D4621461068FFF759FE0246294675
:100C00002046BDE870400023C6E7D21D22F007034E
:100C1000D3E90023C0E70368126843F020030360B0
:100C20000823C3610023B7E7306C01002DE9F05FB2
:100C3000894604464FF0000ADFF874B1FB44C0F85F
:100C400020A02046E1688847002874D0252806D0D7
:100C5000D4E901219047206A401C2062F1E7002678
:100C60005F462046E16888472028054607DB312D8E
:100C700005D2781910F8200C08B10643F1E7B00747
:100C800001D526F00406C4F81CA00027C4F818A05B
:100C90002A2D09D028460DF047F938B304EB870810
:100CA000303DC8F8185019E059F8041B204604EBF1
:100CB00087029161E1688847012F054618D1E069F4
:100CC000002820DA26F020061DE0D8F8180000EBF6
:100CD000800005EB40003038C8F818002046E16875
:100CE000884705460DF020F90028EED1012F0AD0E3
:100CF0002E2D08D12046E16888477F1C0546022F2B
:100D000046F02006C4DBA069002803DA404246F022
:100D10000106A061F00701D026F010066C2D0BD063
:100D2000682D09D04C2D39D06A2D35D0742D35D091
:100D30007A2D33D016E038E0E1682F462046884708
:100D4000B842054609D16C2F26D04FF48060E16887
:100D5000064320468847054604E06C2F1AD04FF41E
:100D6000807006430DB3A5F14100192802D8203543
:100D700046F400664A462946204626604E46FFF75E
:100D800061FA80B101280BD0F61D26F0070000F1B2
:100D9000080956E74020E4E78020D8E70020D6E79E
:100DA00006F104094DE7284652E7206ABDE8F09FA6
:100DB000C06B010000487047E8970020004870476A
:100DC000E897002030B5B0F10A024FEA900E71F1B9
:100DD00000034EEA817EB0EB0E0061EB91014FEA19
:100DE000101E4EEA017E10EB0E0041EB11114FEA8E
:100DF000102E4EEA016E10EB0E0041EB11214FEA6E
:100E0000104E4EEA014E10EB0E0041EB114140181E
:100E100041F100014FEAD00040EA41704FEAD101B0
:100E200010EB80054FEA810444EA907444EB01041E
:100E30006D1944EB0404521BA3414FF0000348BF5B
:100E40000A3200D530BD401C41F1000130BD000028
:100E50001FB584B000200A9C06AB04AA02A9009426
:100E6000AFF3008018B1DDE9020108B010BD0348FE
:100E7000204000F029FD00200146F6E70000207C1C
:100E80002DE9F0470D4699469246044600F12408A4
:100E90000168880604D5E06921F01001216000E0B6
:100EA0000120A84201DD471B00E00027A1697A1953
:100EB00002EB0900081AA0612078C00602D420467F
:100EC000FFF7C5FC002608E0D4E901211AF8060066
:100ED0009047206A401C761C20624E45F4DB207847
:100EE000C0060AD52046FFF7B2FC06E0D4E901218E
:100EF00030209047206A401C2062381EA7F101076D
:100F0000F4DC07E0D4E9012118F805009047206AD5
:100F1000401C2062281EA5F10105F3DC2046FFF7E6
:100F2000ACFC2078000602D50220BDE8F087012045
:100F3000FBE770472DE9FF4F0C461E464FF0FF3789
:100F40008BB0D2E90001DDF860800A908A46C1F3D7
:100F50000A5505B93D460021084614F02BFFBAF1A9
:100F6000000F00F4400005DA00EB80004FF4400170
:100F700001EA50004FEA9059B9F1010F00DDB9467E
:100F80000A9850EA4A000ED044F61050A5F2FF35F8
:100F900045432F14B8F1000F1ED07542291E1EDDE7
:100FA000C9F100021CE0B8F1010F4FF0000001D0C0
:100FB000302103E0F24305E02154401CB042FBDB4A
:100FC00030460022002121540B99C1F80880C1E964
:100FD00000200FB0BDE8F08FBD1B6D1CDEE74A4658
:100FE00000DA694206A800F0EFFB06AB93E80700C1
:100FF00003AB83E8070050460A9900F02AFD8DE80C
:101000000700A0F500501F3800900398002D0ADD5E
:1010100042F21F014A460844002303A90390684690
:1010200000F093FF09E0A0F500504A461F38002366
:1010300003A90390684600F09DFF8DE807000004B7
:10104000000C03D04FF0FF30410800E01046B8F12B
:10105000000F03D00022009215461EE0751E05D435
:10106000FFF7B0FE303262556D1EF9D5B34601224E
:10107000084302D000227F1C04E02078302801D1F0
:1010800000227F1E002A099784D01DE0112D07DA67
:10109000FFF798FE303262556D1C50EA0102F5D11F
:1010A000084302D00098C8B10EE00021681E05E098
:1010B000235C625C63542254401E491C8142F7DB6E
:1010C000AB46A81B401E0990002004F80B000B98AB
:1010D000099AC0F80880C0E9002B7AE711264FF082
:1010E000000857E72DE9F04F88460446D21D22F04C
:1010F000070191B0D1E90001CDE90A010BF08DFAA9
:1011000002460B98C00F01D02D2007E02068810710
:1011100001D52B2002E0202101EAC000032A09901A
:1011200001D0072A05DB03464146204600F00CFBB0
:101130000BE12078800601D5E06900E00620B8F1D7
:10114000650F814606D0B8F1660F18D0B8F1670F69
:1011500070D131E00020B9F1110F009001DB1123B3
:1011600001E009F101030AAA01A90CA8FFF7E2FEB8
:10117000DDE90C70002609F10105834647E00120F6
:101180004B4600904FF000470AAA01A90CA8FFF7B0
:10119000D1FEDDE90DB00C995D46002610B909F1CC
:1011A00001000D18B9EB050003D4C0F1FF3609F1B9
:1011B0000105A5EB09002BE0B9F1010F01DA4FF0B1
:1011C00001090020B9F1110F0090484601DD1123FB
:1011D00000E003460AAA01A90CA8FFF7ABFEDDE96F
:1011E0000C704D4600268346207800070AD4AB4594
:1011F00000DA5D4601A8012D04DD411911F8011C3A
:10120000302907D04F4502DA17F1040F04DA012024
:1012100082460FE06D1EEEE7002F02DCED1B3E4420
:1012200003E0781CA84200DD7D1CB81B00F1010A18
:101230004FF000472078000703D4AA4501DB4FF0A8
:10124000FF3A0021B7F1004F0DF143088DF843102C
:1012500024D002202B23002F01DA7F422D230A21E4
:10126000021EA0F1010000DC5FB197FBF1FC97FBCF
:10127000F1F201FB1C7C17460CF1300C08F801CD93
:10128000EEE7A8F1010003702188090501D5452189
:1012900000E06521A0F1010800F8011C09980FA9E0
:1012A000A1EB0807FF1D00B10120411901EBEA7015
:1012B000A1693844081A401EA0612078C00602D4F3
:1012C0002046FFF7C4FA099828B1D4E901219047D4
:1012D000206A401C20622078C00622D52046FFF7F5
:1012E000B6FA1EE0002E04DBB34502DD01A8805DE6
:1012F00000E03020D4E901219047206A401C2062A0
:10130000761CAAF101005FEA000A0AD100F018FA7F
:10131000C0680168405CD4E901219047206A401C04
:101320002062281EA5F10105DCDC07E0D4E90121DB
:1013300018F8010B9047206A401C2062381EA7F164
:101340000107F3DC2046FFF798FA032011B041E6CD
:101350002DE9F04F04460D46D21D22F0070089B05A
:10136000D0E90097484639460BF057F90246F80F86
:1013700001D02D2307E02068810701D52B2302E04F
:10138000202101EAC0038DF820300BB1012000E0DC
:101390000020032A824601D0072A04DB2946204682
:1013A00000F0D2F93FE12078800601D40D2500E05D
:1013B000E569C7F30A560D2D49DA00214FEA175B9C
:1013C000084614F0F7FC002F00F4400007DA00EBA9
:1013D00080004FF4400100EBD07001EA60008115FD
:1013E000012901DD4FF0FF3100224FEA850CBCF1ED
:1013F000180F06D31346ACF118004FF08052C240CC
:1014000003E04FF4801323FA0CF30CF10C0CBCF145
:10141000200F04D3ACF1200C09FA0CF001E007FA1C
:101420000CF000294FF0004801DD18B90FE00ED193
:1014300040450CD319EB02095F4121B9404502D167
:101440009F4329EA0209BBEB175F00D0761C208876
:10145000000502D57B48784402E07A487844193880
:1014600008AA302302F80A30037C0AF10101002E99
:101470000AF1020A53546A4602DC4FF0300101E0DF
:101480004FF031014FF001088DF8001002D0A6F2A4
:10149000FF3603E059EA470100D06B4E002D02DC15
:1014A0002178090704D54FF002082E218DF801108C
:1014B000C44600210BE0C7F303433F01C35C491C52
:1014C0006D1E02F80830052908F1010801DA002D27
:1014D000F1DC00210CE000EB1973491C1B786D1E38
:1014E000082902F808304FEA091908F1010801DA61
:1014F000002DF0DC21688B0602D516E0A8F101086A
:10150000E04505DD02EB080313F8013C302BF5D074
:10151000B8F1000F09DD02EB080313F8013C2E2B94
:1015200003D1090701D4A8F10108002D05DD3E21F2
:1015300002F808106D1E08F10108407C002E02F828
:10154000080008F1010804DA2D20764202F80800AC
:1015500002E02B2002F808000A214FF47A7086423C
:1015600008F101080BDB96FBF0F3303302F808308A
:1015700096FBF0F308F1010800FB136601E0642E0E
:101580000CDB642096FBF0F3303302F8083096FB56
:10159000F0F308F1010800FB136601E00A2E06DBF8
:1015A00096FBF1F0303002F8080008F1010896FBD4
:1015B000F1F001FB1060303002F80800A16908F179
:1015C000010808EB050202EB0A00081AA061207866
:1015D000C00602D42046FFF73AF9216A08AE01EBB3
:1015E0000A00206204E0D4E9012116F8010B9047BB
:1015F000BAF1010AF7D22078C00602D52046FFF7DB
:1016000026F96E4609E016F8010B3E280FD0D4E902
:1016100001219047206A401C2062B8F10108F2D2F3
:101620002046FFF72AF909B00320BDE8F08F206AB1
:101630002844206203E0D4E90121302090476D1E48
:10164000EBD3F8E7B165010002FCFFFF10B5436979
:1016500013B1AFF3008001E0FFF732F9012010BDB4
:10166000127800F124010A7000224A700122EDE78D
:1016700011684FF0FF32E9E710B5436913B1AFF3DA
:10168000008001E0FFF7B4F9012010BD128800F1DD
:10169000240182840022C2840122EDE711684FF008
:1016A000FF32E9E770B516460C46054600F040F8F3
:1016B000036893F80101012806D0FF2C0FD8185DAC
:1016C00068B101202C7070BDD3F807013246214665
:1016D00003F2071303442846BDE8704018474FF053
:1016E000FF3070BD70477546FFF764FBAE460500DE
:1016F0006946534620F00700854618B020B5FEF72E
:101700007BFEBDE820404FF000064FF000074FF091
:1017100000084FF0000B21F00701AC46ACE8C0090F
:10172000ACE8C009ACE8C009ACE8C0098D46704718
:1017300010B500F005F8001D10BD00BFB52C01006C
:1017400000487047089800202DE9F0411F460446E4
:1017500003260168072A01F4006004DB08B116A51E
:1017600005E016A503E008B115A500E015A521F0D8
:1017700010002060A069C01EA0610FB1401EA061D2
:101780002046FFF764F84FB1D4E90121384690476D
:10179000206A401C2062C01C206206E0206AFAE732
:1017A000D4E9012115F8010B9047761EF8D22046A6
:1017B000FFF763F8BDE8F0814E414E006E616E00A8
:1017C000494E4600696E66002DE9F047814616468F
:1017D0008AB0354878440DC88DE80D003248784409
:1017E000801C03AC0DC884E80D0041F69B30084412
:1017F000372190FBF1F290FBF1F5A5F1800501FB9B
:1018000012041B3C02D56442012000E00020DFF8F6
:1018100098A080460027FA44AAF1BE0A0EE0E0072D
:101820000AD03246684607EB470101230AEB8101E3
:1018300000F0A0FB8DE8070064107F1C002CEED1A7
:10184000194F7F44AE3F19E0E80715D007EB0410AD
:101850000DF1180A90E80E008AE80E00C068F04208
:1018600001D1981908903246012306A903A800F077
:1018700081FB03AB83E807006D10641C002DE3D1EE
:101880004FF0010332466946B8F1000F03A802D0B9
:1018900000F05BFB01E000F06DFBC9E90001C9F855
:1018A00008200AB0BDE8F087C462010010B5044604
:1018B000AFF300802046BDE81040FEF728BD0028A9
:1018C00001D000F009B8704710B500F025F8BDE868
:1018D0001040FFF7F4BF000001491820ABBEFEE73F
:1018E0002600020070B505460C460A2000E06D1C7B
:1018F00000F0A8F835B128780028F8D102E0641C7F
:1019000000F0A0F814B120780028F8D1BDE87040AC
:101910000A2000F097B8000010B5022803D041015A
:1019200003D50DA112E0002010BD010101D50FA1CA
:101930000CE0C10001D511A108E0810001D512A180
:1019400004E0400001D513A100E0002115A0FFF73D
:10195000C9FF012010BD0000496E76616C696420EA
:101960004F7065726174696F6E000000446976693A
:101970006465204279205A65726F00004F76657267
:10198000666C6F7700000000556E646572666C6F60
:1019900077000000496E6578616374205265737545
:1019A0006C7400005349474650453A2041726974AF
:1019B000686D6574696320657863657074696F6EBE
:1019C0003A2000004FF0013C50F8042B51F8043B42
:1019D0009A4221D1A2EB0C03934313EACC1317D103
:1019E00050F8042B51F8043B9A4215D1A2EB0C039A
:1019F000934313EACC130BD150F8042B51F8043B5A
:101A00009A4209D1A2EB0C03934313EACC13DBD027
:101A10004FF00000704700BFD01A01BAB1FA81F14F
:101A200001F0180122FA01F0CB40C1F12001DBB234
:101A3000C0B2C01A2CFA01F3D11A914311EAC311B2
:101A4000E6D1704708B569468DF800000320ABBEAB
:101A500008BD5FEA400C08BF91F0000F4FEA8C23ED
:101A60004FEAC12243EA51514FEA1C5018BF00F51A
:101A7000F0404FEA300018BF41F000415FEA6C5C73
:101A800000F02980BCF1FF3F08BF40F08040704764
:101A9000130C06BF12044FF0100C4FF0000C130E85
:101AA00004BF12020CF1080C130F04BF12010CF159
:101AB000040C930F04BF92000CF1020CD30F04BF6F
:101AC00052000CF1010C11464FF00002A0F11F0072
:101AD000A0EB0C00704711F0004F08BF704731F0C9
:101AE00000413FF4D5AF0B0C06BF09044FF0100CBA
:101AF0004FF0000C0B0E04BF09020CF1080C0B0F89
:101B000004BF09010CF1040C8B0F04BF89000CF118
:101B1000020CCB0F04BF49000CF1010CCCF12003E7
:101B2000A0EB0C0022FA03F302FA0CF241EA0301E3
:101B300000F10100704720F07F4C80EA030023F0A1
:101B40007F47ACEB070303F57C5300F0004003F143
:101B5000FF032DE980494FEA154B09B44FEA1443BE
:101B600025EA0B4E24EA03480FF2042606EB13275E
:101B700049083E785FEA320203FB0667C7F50007B3
:101B800007FB06F64FEA54374FEAD64606F102063F
:101B900007FB066CCCF1005C4FEA1C472CEA074CB3
:101BA00007FB06F40CFB06F504EB15464FEA961608
:101BB00034BF00204FF000404FEAD13706FB07FC4E
:101BC0004FEA1C4C0CFB0BF7D21B03FB0CF761EB31
:101BD00007010CFB0EF7B0EB074072EB17420CFB52
:101BE00008F734BFA2EB0742B2EB074261EB1741A3
:101BF0004FEA0C444FEA910706FB07FC4FEA1C4CE6
:101C00000CFB0BF7B0EBC74072EB573203FB0CF742
:101C100034BFA2EBC742B2EBC74261EB57310CFBBA
:101C20000EF7B0EBC70072EB57720CFB08F734BF2E
:101C3000A2EBC702B2EBC70261EB5771039F4FEAF9
:101C4000816141EA921104EBCC044FEAD1374FEAAB
:101C5000826206FB07FC42EA90124FEA80604FEA7C
:101C60001C4C0CFB0BF7D21B03FB0CF761EB0701C1
:101C70000CFB0EF7B0EB074072EB17420CFB08F7BA
:101C800034BFA2EB0742B2EB074261EB17414FEAC8
:101C90008C554FEA910704EB9C2406FB07FC4FEAA6
:101CA0001C4C0CFB0BF7B0EBC74072EB573203FB3D
:101CB0000CF734BFA2EBC742B2EBC74261EB57311E
:101CC0000CFB0EF7B0EBC70072EB57720CFB08F77A
:101CD00034BFA2EBC702B2EBC70261EB577115EB41
:101CE0004C254FEA816141EA92114FEA82624FEA44
:101CF000D13742EA901206FB07FC44F100044FEA98
:101D000080604FEA1C4C0CFB0BF7D21B03FB0CF75B
:101D100061EB07010CFB0EF7B0EB074072EB1742CB
:101D20000CFB08F734BFA2EB0742B2EB074261EBB2
:101D3000174115EB1C154FEA813141EA92414FEAF8
:101D4000823242EA90424FEA80304FEA0C7644F108
:101D5000000448EA03434EEA0B484FF0000EB2EB92
:101D6000080C71EB030724BF624639464EEB0E0E9A
:101D70004FF0000B0018524149414BEB0B0BB2EBFB
:101D8000080C71EB03077BF1000B24BF6246394658
:101D90004EEB0E0E4FF0000B0018524149414BEB39
:101DA0000B0BB2EB080C71EB03077BF1000B24BFAC
:101DB000624639464EEB0E0E51EA020718BF46F056
:101DC000010616EB0E7655F1000254F1000103D521
:101DD000BDE88901BDE80088BDE88901BDE800488B
:101DE000B619524141EB0101A3F101037047808014
:101DF0007F7E7D7C7B7A7978777676757473727165
:101E000071706F6E6E6D6C6C6B6A6A69686867661C
:101E100066656464636362616160605F5F5E5E5DAE
:101E20005D5C5C5B5B5A5A59595858575756565522
:101E300055555454535352525251515050504F4F84
:101E40004F4E4E4D4D4D4C4C4C4B4B4B4A4A4A49D4
:101E50004949484848474747474646464545454417
:101E60004444444343434342424242414141002BA4
:101E70009C4630D477002BD01CB54FEA370703B40B
:101E80004FF010004FF01001BAF1000F06D0BCF176
:101E9000000FDCBF40F0080040F0080113F08AFF9B
:101EA0000FBCBDE810400BF1010BBBF1010F08BFE7
:101EB0005FEA170722BF12F1010211F101014FF091
:101EC000004143F1000300F0004043EA0000704786
:101ED000F9D35708D0E746EA064613F1400F4FEA18
:101EE00016461FDD13F1200FDFBF16430A460021FF
:101EF00020335B42BED0C3F1200746EA064602FA11
:101F000007F74FEA164646EA0706C3F1200722FA0A
:101F100003F201FA07F721FA03F14FF0000342EA56
:101F20000702A7E746EA020646EA06464FEA1646D1
:101F300046EA0106BCBF46EA0646360C4FF00003EF
:101F40004FF000024FF0000194E72DE9804C9A46D3
:101F5000934670B491E8380007C831EA400C48BF96
:101F600034EA430C03D5FFF7E6FDFFF780FFF0BC32
:101F7000BDE8008C2DE9804C9A46934670B491E8F8
:101F8000380007C810F0804F08BF13F0804F03D10E
:101F900000F005F8FFF76BFFF0BCBDE8008C20F007
:101FA0007F4780EA030023F07F4C07EB0C03A3F587
:101FB0007C5300F00040A3F1FE0392F0000F00F00C
:101FC000B38095F0000F00F077802DE901494FEACA
:101FD00011404FEA144621EA004800FB06FC24EABF
:101FE000064708FB06F607FB08F800FB07F718EBA7
:101FF00006484CEB164C4FEA124B18EB07484FEAD9
:1020000015464CEB174022EA0B4E0BFB06FC25EA6B
:1020100006470EFB06F607FB0EFE0BFB07F71EEB53
:10202000064E4CEB164C4FF000061EEB074E4CEBE9
:10203000174B18EB0B0840F1000018EB0E0B58EB98
:10204000000840F100008F1A4FF000013CBFC94367
:10205000661B14BFB5EB040C00213CBFC943F61B43
:102060004FEA17444EEA8E0E27EA04454FEA1C4712
:1020700004FB07622CEA074C05FB07F70CFB05F68F
:1020800004FB0CFC16EB074642EB174216EB0C4622
:1020900042EB1C421BEB060658EB0202414146EAAA
:1020A0009E0601D5BDE80189B619524141EB0101F7
:1020B000A3F10103BDE801894FEA14454FEA114736
:1020C00024EA054621EA074C05FB07F406FB07F75F
:1020D0000CFB06F105FB0CFC11EB074144EB17442C
:1020E0004FEA124711EB0C4144EB1C4422EA074C27
:1020F00005FB07F206FB07F70CFB06F605FB0CFCDD
:1021000016EB074642EB174216EB0C4642EB1C451A
:102110006A1854F1000148BF7047B619524141EBAB
:102120000101A3F10103704795F0000F37D04FEA8A
:1021300011424FEA144721EA024624EA074C02FB07
:1021400007F106FB07F70CFB06F402FB0CFC14EB93
:10215000074441EB17414FEA154714EB0C4441EBA0
:102160001C4125EA074C02FB07F506FB07F70CFBB1
:1021700006F602FB0CFC16EB074645EB174516EB83
:102180000C4645EB1C42121951F1000148BF704743
:10219000B619524141EB0101A3F1010370474FEA27
:1021A00014454FEA114724EA054621EA074C05FB8E
:1021B00007F106FB07F70CFB06F24FF0000605FBE4
:1021C0000CFC12EB074241EB174112EB0C4251EBB6
:1021D0001C4148BF7047921841EB0101A3F1010374
:1021E000704700004A494A6822F440324A604A680F
:1021F00043681A434A6001684A6822F480724A6060
:1022000001684A68036942EA03224A6001684A6831
:1022100022F040724A6001684A6883681A434A6043
:1022200001688A6822F400628A6001688A68C3686B
:102230001A438A60816A6FF07062D14214D00168DB
:102240008A6822F070628A6001688A68836A1A4329
:102250008A6001688A6822F040528A6001688A6850
:10226000C36A1A438A6009E001688A6822F07062D2
:102270008A6001688A6822F040528A6001688A6830
:1022800022F002028A6001688A68037E42EA430201
:102290008A6090F8201089B101684A6842F40062AF
:1022A0004A6001684A6822F460424A6001684A68EC
:1022B000436A5B1E42EA43324A6004E001684A68AE
:1022C00022F400624A600168CA6A22F47002CA629B
:1022D0000168CA6A838B5B1E42EA0352CA620168C4
:1022E0008A6822F400728A6001688A6890F8303047
:1022F00042EA43228A6001688A6822F480628A6026
:1023000001688A68406942EA80208860704700005E
:10231000002301400AF0ACB90AF0A6BCFEF77EB873
:10232000F0EE400AF5EEC00AF1EE10FA02DDB0EE72
:10233000600A7047B1EE600AFBE70000002803D096
:102340009FED020A80ED000A7047000000000000C7
:10235000002803D0B3EE060A80ED000A70470000A3
:1023600070B52DED0C8B84B006460C4615469FEDDE
:10237000990AF0EE408A9FED970AB0EE409A9FEDE1
:10238000950AF0EE40BA9FED930AF0EE409A9FED69
:10239000910AB0EE40AA0EB104B11DB904B0BDEC73
:1023A0000C8B70BD8C48FFF7C9FF8C48FFF7D0FF3E
:1023B0008A48D0ED000A9FED8A1A60EE810AB0EEDD
:1023C000600A00F025F9F0EE408A28EEA80AF0EE47
:1023D000408A8248D0ED000AB0EE001A60EE810A11
:1023E0009FED7F1A60EE810AB0EE600A00F010F9EE
:1023F000B0EE409A29EE090AB0EE409ADFED790A74
:10240000B7EE000A00EEA80ADFED770A00EEC90A6F
:10241000DFED760A20EE200A754880ED000A6E484E
:1024200090ED000ADFED730A80EE201AB7EE000A85
:1024300031EE000A20EE000A6D48D0ED000A80EE71
:10244000801A6D4880ED001A94ED000AB5EEC00ABE
:10245000F1EE10FA0DD194ED010AB5EEC00AF1EEDD
:1024600010FA06D194ED020AB5EEC00AF1EE10FAA8
:1024700046D09FED580AB0EE408A002001900290AD
:102480000390D4ED000A60EEA00A94ED011AD4ED99
:10249000011A41EE210A94ED021AD4ED021A41EE1E
:1024A000210AB0EE600A00F0A9F8B0EE408A94ED7F
:1024B000000A20EE080A8DED010A94ED010A20EED3
:1024C000080A8DED020A94ED020A20EE080A8DED4D
:1024D000030ADDED010AF1EE600AB0EE600AFFF7D3
:1024E00019FFF0EE409A9DED031AF0EE410A9DEDC2
:1024F000021AB0EE410AFFF70FFFB0EE40AA07E064
:102500009FED340AF0EE409A9FED320AB0EE40AAF9
:1025100095ED000AB5EEC00AF1EE10FA0DD195ED79
:10252000010AB5EEC00AF1EE10FA06D195ED020AE5
:10253000B5EEC00AF1EE10FA3CD0B0EE690A00F038
:1025400067F8B0EE408AB0EE690AFFF7E7FEB0EE3A
:1025500040DAB0EE4A0A00F05BF8F0EE40AAB0EEC6
:102560004A0AFFF7DBFEB0EE40BA28EE2A0AD5EDA4
:10257000010A20EE200AD5ED000A0DEE200A68EED1
:102580000B0A95ED021A00EE810AB0EE40CA95EDF5
:10259000010A20EE0B0AD5ED020A0AEEE00AF0EE7F
:1025A00040CAF0EE6C0AB0EE4C0AFFF7B5FEF0EE52
:1025B00040BA03E09FED070AF0EE40BAB0EE4A1AC7
:1025C000F0EE690AB0EE6B0A30460CF051FB00BF2A
:1025D000E4E60000000000008C07002090070020C7
:1025E00035FA8E3CC1BFAD3B9DF8C5362F7C1C41F2
:1025F00094070020506CC24A9807002010B50AF0DA
:10260000DCFEB7EE001AC1EE000AB0EE600A10BDA3
:10261000FDF740BF2DE9F0412DED028B9AB0054644
:10262000B0EE408A0E461746984600201790189044
:1026300019901490159016904DB146B13FB1B8F174
:10264000000F04D0B5EEC08AF1EE10FA05D10020DB
:102650001AB0BDEC028BBDE8F08196ED000A8DED5D
:10266000170A96ED010A8DED180A96ED020A8DED16
:10267000190A97ED000A8DED140A97ED010A8DED08
:10268000150A97ED020A8DED160A17AA14A9284615
:102690000CF022F9402104A8FEF7A4F800200090D5
:1026A000019002900390002417A904A810F066FD81
:1026B00000BF30E004A800EB041090ED000AD5ED57
:1026C000000A20EE200A04A800EB0410D0ED010A55
:1026D00095ED011A00EE810A04A800EB0410D0ED7C
:1026E000020A95ED021A00EE810A04A800EB04101C
:1026F000D0ED030A95ED031A00EE810A20EE080AD8
:10270000F0EE000A80EE201A684600EB840080EDAF
:10271000001A601CC4B2042CCCDB002410E005EBD2
:10272000840090ED000A684600EB8400D0ED000ABA
:1027300030EE200A05EB840080ED000A601CC4B274
:10274000042CECDB28460FF0C5FD012080E70000DB
:1027500001221021014803F021BA000000000240CC
:1027600000221021014803F019BA000000000240C5
:102770007047000001221146014803F00FBA000023
:102780000004024000220121014803F007BA0000C2
:102790000004024030B5437804781B021BB2234387
:1027A00000EE103A1B4CB8EEC00AD4ED000A20EE41
:1027B000200A81ED000AC37885781B021BB22B43E7
:1027C00000EE103AF8EEC00A94ED000A60EE800ABE
:1027D000C1ED010A437904791B021BB2234300EEC9
:1027E000903AF8EEE00A20EE800A81ED020A017AC2
:1027F000C3790904807941EA0321014300EE101AEC
:10280000DFED050AB8EE400A20EE200A82ED000A4C
:1028100030BD00009C02002000401C4270470EF0BA
:102820005BBF0DF0ABBE000010B54278037812021A
:1028300012B21A4300EE102A124BB8EEC00AD3EDC2
:10284000010A20EE200A81ED000AC2788478120283
:1028500012B2224300EE102AF8EEC00A93ED010AEC
:1028600060EE800AC1ED010A42790079120212B2CB
:10287000024300EE902AF8EEE00A20EE800A81ED95
:10288000020A10BD9C02002010B5FFF771FFFFF790
:10289000C5FF0CF065FB08B1802402E00CF0D2FA11
:1028A00004460CF023FD10B144F0400010BD0CF0C4
:1028B000AFFC204310BD00002DE9FC4104460D464D
:1028C0001646002000900190FFF74AFF922000F08A
:1028D000BFF806226946122000F09CF8FFF738FF87
:1028E0009DF801009DF80010000200B2084300EEC0
:1028F000100A474FB8EEC00AD7ED000A20EE200AB2
:1029000085ED000A9DF803009DF80210000200B258
:10291000084300EE100AF8EEC00A97ED000A60EED8
:10292000800AC5ED010A9DF805009DF8041000021B
:1029300000B2084300EE900AF8EEE00A20EE800AAA
:1029400085ED020AFFF71EFF08226946002000F00D
:1029500061F8FFF70FFF9DF800000F2830D19DF8B8
:1029600003009DF80210000200B2084300EE100AB6
:10297000D7ED010AB8EEC00A20EE200A84ED000A65
:102980009DF805009DF80410000200B2084300EE17
:10299000100AF8EEC00A97ED010A60EE800AC4ED55
:1029A000010A9DF807009DF80610000200B20843D6
:1029B00000EE900AF8EEE00A20EE800A84ED020AAA
:1029C000FFF7CEFEA22000F043F802226946222043
:1029D00000F020F8FFF7BCFE9DF800009DF8011004
:1029E000C00040EA5110B0F5806F02DBA0F5006036
:1029F00000B200EE100AB4EE001AF8EEC00AB3EE10
:102A0000070A00EE810A86ED000ABDE8FC8100009D
:102A10009C02002070B50D46144640F0800000F086
:102A200017F806E0552000F013F805F8010B641EB6
:102A3000E4B2002CF6D170BD10B50C4640F0800019
:102A400000F006F8552000F003F8207010BD0000DB
:102A500001B582B04FF47A700090012301AA02A957
:102A6000024804F031FB9DF804000EBD4010002028
:102A700002784078D20042EA5010B0F5806F02DB55
:102A8000A0F5006000B200EE100AB4EE001AF8EEF5
:102A9000C00AB3EE070A00EE810A81ED000A704712
:102AA00010B50C46FFF7D4FF2046BDE81040FFF7F5
:102AB000CFBFFEE7014802F07EB80000D40E002030
:102AC000014802F078B80000FC0E002008B5074B62
:102AD000186000209860D860082018610A466B468C
:102AE0000249034801F0A0FE08BD0000882D002027
:102AF000D40E00202DE9F04304462DED088B83B061
:102B0000F0EE409A9FED4C9A4FF000099FED4B8BF1
:102B100051EC180B11F08EFC0AEE100A51EC180B58
:102B200011F088FC0BEE100AB5EEC09AF1EE10FA27
:102B300002D8F0EE498A01E0F0EE498AB0EE490A87
:102B4000B5EEC00AF1EE10FA02D8F0EE49AA01E0A3
:102B5000F0EE49AA19EE900A3A49884202D3BBEE38
:102B6000028A09E019EE900A3749884202DBB3EE87
:102B7000028A01E0B0EE698A1020B2EE091AFAEE7C
:102B8000090AB0EE4A0A0DF0DEFD05460C20B3EE50
:102B90000E1AFBEE0E0AB0EE4B0A0DF0D4FD0646FF
:102BA0000C209FED2A1AF0EE490AB0EE680A0DF0EB
:102BB000CAFD07460C20B1EE041AF0EE490AB0EE49
:102BC0006A0A0DF0C0FD80460C20B3EE021AFBEE3F
:102BD000020AB0EE480A0DF0B6FD290A8DF8001081
:102BE0008DF8015031098DF80210310141EA1721A9
:102BF0008DF803108DF804704FEA18118DF8051048
:102C00004FEA081141EA10218DF806108DF80700EF
:102C10000F480460C0F80890C0F80C9008210161CA
:102C2000014602AB6A460B4801F0FEFD03B0BDEC65
:102C3000088BBDE8F08300000000000000000000E9
:102C400000000000000090C1000090410000FA4325
:102C5000882D0020D40E00200FB581B014484FF409
:102C60002071016000218160C1600821016111486B
:102C70009DF8041001709DF8051041709DF8081032
:102C800081709DF80910C1709DF80C1001719DF8BC
:102C90000D1041719DF8101081719DF81110C171D6
:102CA00002466B460249044801F0BEFD05B000BD76
:102CB000882D002081020020FC0E002003B581B089
:102CC00001A90B486122026000228260C2600822D2
:102CD00002610020074A0B5C1354401CC0B2082854
:102CE000F9D36B46034A0249034801F09DFD0EBD2E
:102CF000882D002081020020D40E002038B50E4C13
:102D000040F2FF1525600025A560E56008252561D6
:102D10000A4C050A25706070080AA070E170100A5C
:102D200020716271180AA071E3716B462246024954
:102D3000034801F079FD38BD702D00207902002094
:102D4000FC0E00202DE9F04104462DED028BA07809
:102D50009FED678B01260025032831D1206C12F0EE
:102D6000CBFE41EC100B0AF0B3F953EC182B51ECED
:102D7000100B12F062FA01D8A67421E0D4F85801C1
:102D800012F0BAFE41EC100B0AF0A2F953EC182B2A
:102D900051EC100B12F076F812D2206C12F0ACFE4F
:102DA00041EC100B0AF094F99FED531B51EC100B02
:102DB00053EC112B12F066F802D2A07C00B1A5747E
:102DC000204608F03DFCA07B4D4F012801D1617BDE
:102DD00021B1217C012905D1E17B19B99FED490A77
:102DE00087ED0A0A97ED0A0AB5EEC00AF1EE10FA6D
:102DF00008DDF7EE000A30EE600A87ED0A0A657317
:102E0000E57333E0217A04290ED094ED7E0A3E4A20
:102E10003E4BB5EEC00AF1EE10FA08D8D4F89C107B
:102E2000914204DD667307E0E57365731EE010EE02
:102E3000101A994200DD657394ED7F0AB5EEC00A61
:102E4000F1EE10FA05D8D4F8A410914201DDE67332
:102E500004E010EE101A994200DDE573617B012950
:102E600004D0E17B012901D16573E573A17C0129BF
:102E700008D108B1207C28B9607B012835D0E07BDF
:102E8000012832D0012900D06574607C08B1E57357
:102E90006573F86812F030FE41EC180BD4F8580155
:102EA00012F02AFE41EC100B0AF012F953EC182B29
:102EB00051EC100B12F0C1F913D2386912F01CFE5C
:102EC00041EC180B206D12F017FE41EC100B0AF0CC
:102ED000FFF853EC182B51EC100B12F0AEF900D2A6
:102EE000E675BDEC028BBDE8F0816674CDE70000AD
:102EF000000000000000E03F000000A09999B93FE9
:102F0000400000200000E143B81E053E0000A04044
:102F10002DE9F04104462DED028B20789FEDFE8ACD
:102F2000012802D1A178042923D1022821D02046EA
:102F300005F078FDE17B012938D0607B012835D090
:102F4000A07A90B3F54894ED110A00F14802D0ED53
:102F5000050AB4EEE00AF1EE10FA2CDDD4ED200AF9
:102F600030EEC00AD2ED000A20EE200A80ED0E0AF3
:102F700035E084ED708A84ED718A84ED698A84ED90
:102F80006A8A84ED618A84ED628A84ED638A84EDC5
:102F9000648A84ED5B8A84ED5C8A84ED5D8A84EDCD
:102FA0005E8ABDEC028BBDE8F081FFE784ED6A8AA2
:102FB00084ED698A3FE0F1EE600AB4EEE00AF1EEDA
:102FC00010FA0AD2D4ED200A30EEC00AD2ED000A7F
:102FD00020EE200A80ED0E0A01E080ED0E8A94EDCD
:102FE000160AD0ED060AB4EEE00AF1EE10FA06DD9C
:102FF000D2ED010A20EE800A80ED0F0A0FE0F1EE1B
:10300000600AB4EEE00AF1EE10FA06D2D2ED010A3F
:1030100020EE800A80ED0F0A01E080ED0F8A90ED2E
:103020000E0AD0ED0F0A30EE200A84ED6A0AB1EEE6
:10303000400A84ED690A207A04287CD005287BD0D8
:10304000B64E20797036022877D004F27C4004F224
:10305000C447DFEDB38A04F5806501296ED0617B3A
:103060000129FBD0A178042969D0D4ED250A94ED7B
:10307000270A06F015FC95ED270A30EE280A84EDA4
:10308000700AD4ED260A94ED290A384606F008FCA9
:1030900095ED390A30EE280A84ED710A217AA148AB
:1030A00005297CD0A17A00297AD0A1780429FBD007
:1030B00094ED3A0AD4ED380A90ED1D2A30EE600AFC
:1030C000D0ED180A20EE201A90ED190AD4ED400A2E
:1030D00000EE601A94ED1F0AD4ED100A70EE602A1B
:1030E00090ED1C0AD4ED150A00EE221A94ED220A86
:1030F00070EE601A02EE211A84ED611A94ED531AF3
:10310000D4ED521A90ED154A31EE612A90ED141A61
:10311000D4ED561A22EE013A94ED571A71EE613A47
:1031200004EE233A84ED633A94ED3E3AD4ED3C3A12
:1031300033EE633A04E0B7E0DEE013E135E17AE133
:10314000D0ED243A94ED414A30EEC00A23EE233A02
:10315000D0ED253AD0ED270A03EEC43AD0ED263A59
:1031600003EEA23A10EE803A84ED623A31EEC10AE3
:10317000D0ED1F0A20EE200AD0ED1E0A00EEC20A92
:1031800084ED640A94ED3A0AD4ED380A30EE600A10
:10319000D0ED040A20EE201A90ED050A01E06FE15F
:1031A00097E1D4ED400AD4ED151A00EE601A94EDC3
:1031B0001F0AD4ED100A30EE600AD0ED080A00EEC6
:1031C000801AD4ED220A70EEE10AD0ED091A01EE60
:1031D000A01A9FED553A21EE031A84ED5B1A94ED87
:1031E000531AD4ED521A94ED562AD4ED0F2A31EE2B
:1031F000611AD0ED001A94ED144A61EE213AD4ED33
:10320000571A71EEC21A90ED012A42EE213A94ED5E
:103210001E2A32EE622AD0ED022A42EE823AD4ED24
:10322000212A72EEC42A90ED034A44EE223A23EE9C
:10323000833A84ED5D3A94ED3E3AD4ED3C3A94ED18
:10324000414A33EE633AD0ED103A23EE233AD0ED03
:10325000113A03EEC43AD0ED123A03EE803A90ED03
:10326000130A00EE203A9FED310A63EE000AC4ED26
:103270005C0AD0ED0A0A61EE200A90ED0B1A41EECD
:10328000210A90ED0C1A41EE020A90ED0D1A41EE62
:10329000220A20EE800A84ED5E0AE07B01287CD0C1
:1032A000607B012879D020E194ED250AD4ED270A2E
:1032B0001A4894ED2F1A503030EE600AD0ED000A13
:1032C00020EE200AD0ED010A00EEC10A84ED700A5A
:1032D00094ED260AD4ED290A083094ED301A30EE28
:1032E000600AD0ED000A20EE200AD0ED010A00EEBF
:1032F000C10A84ED710AD1E694ED250AD4ED270ABE
:103300000648603070EE600A90ED000A20EE800AF8
:10331000D0ED010A0CE00000000000004000002099
:1033200000004842DC32002020529A4220529AC2C9
:1033300094ED2F1A00EEC10A84ED700A94ED260A6E
:10334000D4ED290A083094ED301A30EE600AD0ED41
:10335000000A20EE200AD0ED010A00EEC10A84ED39
:10336000710A9BE694ED250AD4ED270AD4ED2F1AB5
:1033700070EE600A96ED000A20EE801AD6ED010A82
:1033800000EEE11A84ED701A94ED261AD4ED291A94
:1033900031EE611A21EE000A00E0A3E094ED301A4C
:1033A00000EEC10A84ED710A78E6617B01291CD028
:1033B000D4ED250A94ED270A06F072FA95ED270A56
:1033C00030EE280A84ED700AE07B012820D0D4ED8D
:1033D000260A94ED290A384606F062FA95ED390A74
:1033E00030EE280A84ED710A58E694ED250AD4EDF2
:1033F000270A94ED2F1A30EE600AD6ED000A20EE6F
:10340000200AD6ED010A00EEC10A84ED700ADBE75E
:1034100094ED260AD4ED290A96ED011A30EE600AE1
:10342000D6ED000A20EE200AD4ED300A01EE600A43
:1034300084ED710A32E694ED250AD4ED270A30EEC8
:10344000600AD6ED000A9FED451A94ED2F2AF0EEA2
:10345000411A40EE801A96ED010A40EE421AC4ED80
:10346000701AD4ED261A94ED292A71EEC21A00EED4
:10347000A11AD4ED300A00EE601A84ED711A0DE63F
:1034800094ED3A0AD4ED380A94ED401A30EE600A11
:10349000D0ED180A20EE200AD0ED190A00EEC10A7C
:1034A00084ED610A90ED250AD4ED410A94ED3C1AB1
:1034B00020EE200AD4ED3E0A70EEC10A90ED241AE7
:1034C00001EE600A84ED620A84ED638A84ED648A09
:1034D00058E684ED618A84ED638A84ED628A84ED26
:1034E000648A4FE620460DF0B1FB1D49D4F8740103
:1034F000DFED1C0A1C4A9FED1D0A884202DDC4ED67
:103500005D0A03E0904201D984ED5D0AD4F87801A8
:10351000884202DDC4ED5E0A03E0904201D984EDE9
:103520005E0A1349D4F88C01124AB3EE040AFBEE8A
:10353000040A884202DD84ED630A03E0904201D967
:10354000C4ED630AD4F89001884202DD84ED640A78
:1035500027E59042FCD9C4ED640A22E50000DC4175
:1035600000204B4600204B4600204BC600204BC697
:103570000000A0410000A0C110B504460121D4ED17
:10358000380A94ED270A20460DF0F4F984ED8C0AF0
:10359000D4ED380A94ED270A032120460DF0EAF90C
:1035A00084ED8D0AD4ED380A94ED270A02212046D5
:1035B0000DF0E0F984ED8E0AD4ED380A94ED270A77
:1035C000042120460DF0D6F984ED8F0AD4ED3C0A93
:1035D00094ED290A012120460DF0CCF984ED900AE2
:1035E000D4ED3C0A94ED290A032120460DF0C2F9DE
:1035F00084ED910AD4ED3C0A94ED290A022120467B
:103600000DF0B8F984ED920AD4ED3C0A94ED290A44
:10361000042120460DF0AEF984ED930AD4ED5B0A47
:1036200094ED5D1A70EE810AC4ED5F0A94ED5C1AA8
:10363000D4ED5E1A31EE211A84ED601A04F5806033
:10364000C0EDC10A80EDCD1AD4F8C01291F8201057
:1036500002292BD1DFED750AC0EDC10AC0EDCD0AFC
:103660007349744A4968DFED740A9FED741A9142F8
:1036700004DDC0EDC10A80EDCD1A17E0704B994210
:1036800004D980EDC11AC0EDCD0A0FE068491431AC
:103690004968914204DDC0EDC10AC0EDCD0A05E0E4
:1036A000994203D980EDC11A80EDCD1A4FF08A43BB
:1036B000DFED640AD0F804139FED631A4FF0454222
:1036C000994202DDC0EDC10A03E0914201D980EDCB
:1036D000C11AD0F83413994202DDC0EDCD0A03E0DF
:1036E000914201D980EDCD1AD4ED610A94ED631AAF
:1036F00070EE810AC4ED670A94ED621AD4ED641A83
:1037000031EE211A84ED681AD4ED701A94ED692A0D
:1037100071EE821AC4ED741A94ED712AD4ED6A2AFE
:1037200032EE222A84ED752AD4ED8E2AF1EE622A39
:1037300020EEA23A84ED6D3AD4ED8F2A60EEA23AE3
:10374000C4ED6E3AD4ED920AF1EE600A61EE202AE1
:10375000C4ED6B2A21EE004A84ED6C4A94ED8C0A8C
:1037600021EE800A84ED7A0AD4ED8D0AF1EE600A2A
:1037700061EEA00AC4ED7B0A94ED901AB1EE411AF5
:1037800022EE011A84ED781AD4ED911A62EE211A14
:10379000C4ED791A33EE000A80ED960A73EEA00AA2
:1037A000C0EDA00A32EE811A80EDAA1A74EE211A39
:1037B000C0EDB41A10EE103A244A2549BBEE022A95
:1037C000F3EE022A934202D980ED962A05E010EE2C
:1037D000103A8B4201DDC0ED962A10EE903A9342EA
:1037E00002D980EDA02A05E010EE903A8B4201DD6F
:1037F000C0EDA02A11EE103A934202D980EDAA2A18
:1038000005E011EE103A8B4201DDC0EDAA2A11EE5F
:10381000903A934202D980EDB42A10BD11EE902A5D
:103820008A42FADDC0EDB42A10BD0000000000009D
:10383000AC1C00200AD7233C0000C8430000C8C3CA
:103840000AD723BC00000045000000C5000090C15D
:1038500000009041002803D00249012048707047C1
:10386000002070474000002010B5124A5068000147
:103870001FD5114B114C4FF00061586B0068A042EE
:1038800003D90E484C3801600EE00A4CB834A0420F
:1038900003D90A485038016006E0064C5834A0426B
:1038A00001D9D16000E091601868016841F40071AD
:1038B000016010BD00600240780F00205864024093
:1038C000014801F091BE0000A01400202DE9F05F36
:1038D000FA48FB4AFA4DC06CFA4EF94F0068DFF81F
:1038E000E4C3DFF8DC83DFF8DC93DFF8D4A3DFF890
:1038F000D4B3DFF8CCE3F34C483D60361837D1142D
:103900000CF1180CA8F1300809F178090AF1300A15
:103910000BF1300BAEF1180E90423ED9E84A543A02
:103920001368A04201D1202235E0A84201D1202213
:1039300031E0B04201D120222DE0B84201D1202255
:1039400029E0604501D10A4625E0404501D10A46FB
:1039500021E0484501D10A461DE0504501D10A4603
:1039600019E0584502D14FF4001214E0704502D11D
:103970004FF400120FE0D34A9032904202D14FF43C
:10398000001208E0CE4A4832904202D14FF40012B1
:1039900001E04FF000621340C3E0CA4AA8329042EF
:1039A0003ED9C74A583A1368A04201D1202235E0D7
:1039B000A84201D1202231E0B04201D120222DE0E5
:1039C000B84201D1202229E0604501D10A4625E014
:1039D000404501D10A4621E0484501D10A461DE093
:1039E000504501D10A4619E0584502D14FF4001262
:1039F00014E0704502D14FF400120FE0B14A90324A
:103A0000904202D14FF4001208E0AD4A4832904291
:103A100002D14FF4001201E04FF00062134080E049
:103A2000A84A483290423ED9A64A103A5368A0426A
:103A300001D1202235E0A84201D1202231E0B0425C
:103A400001D120222DE0B84201D1202229E0604599
:103A500001D10A4625E0404501D10A4621E048450A
:103A600001D10A461DE0504501D10A4619E05845EA
:103A700002D14FF4001214E0704502D14FF400124D
:103A80000FE0904A9032904202D14FF4001208E0C9
:103A90008B4A4832904202D14FF4001201E04FF0BD
:103AA000006213403DE0874A103A1368A04201D1FA
:103AB000202235E0A84201D1202231E0B04201D1DC
:103AC00020222DE0B84201D1202229E0604501D119
:103AD0000A4625E0404501D10A4621E0484501D18A
:103AE0000A461DE0504501D10A4619E0584502D169
:103AF0004FF4001214E0704502D14FF400120FE0B1
:103B0000704A9032904202D14FF4001208E06C4AA1
:103B10004832904202D14FF4001201E04FF00062AF
:103B20001340002B72D0664A904235D9A04201D191
:103B300020212DE0A84201D1202129E0B04201D16D
:103B4000202125E0B84201D1202121E060451FD08D
:103B500040451DD048451BD0504519D0584502D18D
:103B60004FF4001114E0704502D14FF400110FE042
:103B700054499031884202D14FF4001108E0504975
:103B80004831884202D14FF4001101E04FF000614A
:103B90004B484C380160ADE04A4AA832904236D9D1
:103BA000A04201D120212DE0A84201D1202129E00D
:103BB000B04201D1202125E0B84201D1202121E0ED
:103BC00060451FD040451DD048451BD0504519D0F9
:103BD000584502D14FF4001114E0704502D14FF462
:103BE00000110FE037499031884202D14FF40011A3
:103BF00008E033494831884202D14FF4001101E016
:103C00004FF000612E485038016073E0B6E02D4A55
:103C10004832904235D9A04201D120212DE0A8425E
:103C200001D1202129E0B04201D1202125E0B84274
:103C300001D1202121E060451FD040451DD04845DD
:103C40001BD0504519D0584502D14FF4001114E053
:103C5000704502D14FF400110FE01A4990318842AB
:103C600002D14FF4001108E015494831884202D1D1
:103C70004FF4001101E04FF0006112481038C160AC
:103C800038E0A04201D1202131E0A84201D1202119
:103C90002DE0B04201D1202129E0B84201D12021FC
:103CA00025E0604523D0404521D048451FD05045F0
:103CB0001DD0584508D14FF4001118E040100020E5
:103CC0005864024010600240704502D14FF4001168
:103CD0000DE02B49884202D14FF4001107E0294939
:103CE000884202D14FF4001101E04FF000612448F6
:103CF000A0388160244C207880070CD5207820F0F3
:103D000002002070207840F004002070012211464B
:103D10001E4801F043FF60781D4D80070CD5607888
:103D200020F002006070607840F0040060700122B2
:103D30001021284601F032FFA07880070CD5A0782A
:103D400020F00200A070A07840F00400A0700122D2
:103D50001021284601F022FF0DF030F820784007AE
:103D60000CD5207820F004002070207840F0080066
:103D700020700848016841F001010160BDE8F09F32
:103D8000A0600240A0640240B8000020000402408D
:103D900000000240103C0140014801F025BC000039
:103DA00000150020014801F01FBC0000E0130020B6
:103DB00001680A4BCAB2103AA3FB02321209084B3F
:103DC0009B5CC365032A04D96FF30901091D816552
:103DD00002E06FF309018165806D7047ABAAAAAA62
:103DE000B66F0108014600208A6A8B69002B0FD04C
:103DF000B3F5005F1DD08AB3012A30D0022A2ED03D
:103E0000032A04D1C96A11F0807F00D001207047D5
:103E10001AB1012A07D0022AF9D1C96A11F0807FAC
:103E2000F5D001207047C96AB1F1C07FFAD10120F5
:103E300070475AB1012A0BD0022A07D0032AF7D1C2
:103E4000C96AB1F1C07FF3D10120704701207047EA
:103E5000C96A11F0807FFAD001207047FFE7012086
:103E600070477047012001F077BD082001F074BD54
:103E7000102001F071BD202001F06EBD70470000E0
:103E800073B504462DED040B0D462DED108B82B05D
:103E9000DFEDFEDAF0EE6DEADFEDFD0A70EE201ADE
:103EA0009FEDFC0A61EE801AC1EEA08A30EEC11AC5
:103EB00021EE000A80EE208A18EE900A11F01CFE16
:103EC00041EC100B08F0F8FF51EC100B10F0B2FAB7
:103ED0000EEE100A18EE900A11F00EFE41EC100BD7
:103EE00009F002F951EC100B10F0A4FA0AEE900A56
:103EF00018EE100A11F000FE41EC100B08F0DCFF88
:103F000051EC100B10F096FA009018EE100A11F018
:103F1000F3FD41EC100B09F0E7F851EC100B10F039
:103F200089FA0FEE100A9FEDDC0A9FEDDCAA0EEE77
:103F300000AADDED000A9FEDDADA00EEC0DA2AEE23
:103F400080CA6FEE00FA3DEE4A0A3FEECC1A60EEF0
:103F5000001A41EE011A9FEDD32A60EE020A21EE0B
:103F600002BA9FEDD10A31EE801A31EE400A20EEFE
:103F7000A09A0BEE0B9A00EE409AB5EEC09AF1EEC5
:103F800010FA01D2B0EE6D9A30EE800A10EE100AEF
:103F900011F0B2FD41EC180B19EE100A11F0ACFD56
:103FA00041EC100B09F0CCF9B0EE409AF0EE609ABB
:103FB0001BEE100A11F0A0FD53EC192B10F09CFB26
:103FC00041EC100BB0EE481AF0EE681A08F054FD00
:103FD0009FEDB61B51EC100B53EC112B10F08EFF24
:103FE00010F028FA08EE900A18EE900A11F084FDFD
:103FF00041EC100B08F060FF9FEDAEBB51EC100BD5
:1040000053EC1B2B10F07AFF41EC190B1AEE100A3F
:1040100011F072FD53EC192B10F06EFB10F00AFA40
:104020000AEE100A18EE900A11F066FD41EC100B32
:1040300009F05AF853EC1B2B51EC100B10F05EFFFB
:1040400041EC190B1CEE100A11F056FD53EC192B24
:1040500010F052FB10F0EEF909EE100A2AEE0A0AEF
:1040600009EE090A10EE100A11F046FD41EC100BA2
:1040700009F066F951EC100B10F0DCF908EE100AAB
:1040800019EE100A11F038FD41EC1C0B1AEE100A63
:1040900011F032FD41EC100BB0EE4C1AF0EE6C1A40
:1040A00008F0EAFC51EC100B10F0C4F909EE900A8C
:1040B0009DED130ADFED810A20EE200A60EE2AAAA8
:1040C0009DED130A9FED741A20EE010A20EE0EEA10
:1040D0009DED150A20EE200A60EE0F0ACDED010AD3
:1040E000DDED000A20EE200AB0EE40FA3AEE4D0A6D
:1040F00010EE100A11F000FD39EE6F0A41EC1C0BB6
:1041000010EE100A11F0F8FC41EC100BB0EE4C1A56
:10411000F0EE6C1A08F0B0FC51EC100B10F08AF9BC
:104120000DEE100A3DEE680A10EE100A11F0E4FCE4
:1041300041EC100B08F0D8FF53EC1B2B51EC100B8B
:1041400010F0DCFE10F076F90646304611F0D4FC93
:1041500041EC100B08F0BCFF9FED591B51EC100B0C
:1041600053EC112B11F069F87ED218EE100A564963
:10417000884279DD304611F0BFFC41EC1B0B1DEE8F
:10418000100A11F0B9FC41EC100B08F0ADFFB0EED5
:1041900040CAB0EE4F0AF0EE60CA30EE4E0A10EEA2
:1041A000100A11F0A9FC53EC1C2B10F0A7FE41ECF7
:1041B0001C0B1DEE100A11F09FFC41EC100B08F0D7
:1041C0007BFEB0EE40DA9DED010AF0EE60DA30EEF3
:1041D0006A0A10EE100A11F08FFC53EC1D2B10F040
:1041E0008DFE53EC1C2B10F087FA53EC1B2B10F0B8
:1041F000B5FB10F01FF90CEE100A18EE900A11F042
:104200007BFC41EC100B08F06FFFB0EE40BA9FED65
:104210002F0AF0EE60BA2CEE00CA1CEE100A11F064
:104220006BFC53EC1B2B10F069FE41EC1B0B1AEEE0
:10423000900A11F061FC53EC1B2B11F05BF910F0AC
:10424000F9F80AEE900A18EE900A11F055FC41ECCC
:10425000100B08F031FEB0EE40BAF0EE60BA1CEE82
:10426000100A11F049FC00E076E053EC1B2B10F033
:1042700045FE41EC1B0B1EEE100A11F03DFC53EC09
:104280001B2B10F039FA10F0D5F821E000000000E7
:1042900000003443DB0F49409A99193E9A9999BD21
:1042A0009A99993D713D0A3F994C953D0000000057
:1042B0000000004000000020AE47D13F9A9919BE8F
:1042C000000000A0F7C6B03EBD378635713D8A3E7E
:1042D00008EE900A18EE100A11F00EFC41EC1C0BCF
:1042E00018EE900A11F008FC41EC1B0B19EE900A35
:1042F00011F002FC41EC100B08F0F6FE53EC1B2B06
:1043000051EC100B10F0FAFD41EC1B0B1AEE900A69
:1043100011F0F2FB41EC1D0B19EE900A11F0ECFBD1
:1043200041EC100B08F0C8FD53EC1D2B51EC100BA9
:1043300010F0E4FD53EC1B2B11F0DCF853EC1C2BBC
:1043400010F00CFB10F076F80EEE900A2AEE2A0A16
:1043500009EE280AC0EE08DA9FED191ADFED190AF6
:10436000B5B194ED270A84ED280A28EE011A00EE73
:10437000201A84ED271AC4ED389AC4ED40EAC4ED42
:104380002BDAC4ED2FDA02B0BDEC108B06B070BD95
:1043900094ED290A84ED2A0A28EE011A00EE201A6B
:1043A00084ED291AB1EE690A84ED3C0AB1EE6E0A79
:1043B00084ED410AC4ED2CDAC4ED30DAE3E7000005
:1043C0006666663FCDCCCC3D38B44FF0000CCDF8DE
:1043D00000C090F83C20012A1BD0012280F83C202C
:1043E0000A680724092A17D90368DD680A3A02EB2C
:1043F000420204FA02F225EA0202DA600A788B68C5
:104400000A3A02EB420293400268D4682343D36025
:1044100014E038BC0220704703681D6902EB4202B9
:1044200004FA02F225EA02021A610A788B6802EBAA
:104430004202934002681469234313614A681F24AF
:10444000072A15D203685D6B521E02EB820204FA42
:1044500002F225EA02025A630A8893B20A79521ECE
:1044600002EB820293400268546B234353632CE0B7
:104470000D2A15D203681D6BD21F02EB820204FACB
:1044800002F225EA02021A630A8893B20A79D21F5D
:1044900002EB820293400268146B2343136314E01F
:1044A0000368DD6A0D3A02EB820204FA02F225EAA1
:1044B0000202DA620A8893B20A790D3A02EB8202AA
:1044C00093400268D46A2343D362184A184B0468A5
:1044D0009C4206D10C68122C03D1546844F4800429
:1044E000546004689C421CD10B68102B01D0112B26
:1044F00017D1536843F4000353600968102910D1A1
:104500000C490D4A0968B1FBF2F101EB8101490048
:104510000091009929B10099491E00910099002944
:10452000F9D180F83CC038BC00207047002301401E
:10453000002001400007002040420F000068C06CCE
:10454000704770B504460025002C03D0206C00266F
:1045500010B107E0012070BD204600F01DF8666430
:1045600084F83C60206C10F0100F04D0012584F812
:104570003C60284670BD206C20F4885040F002005A
:1045800020642046FDF72EFE6664206C20F00200B9
:1045900040F001002064EAE710B586B0044614211B
:1045A00001A8FCF71FF9174B206800221649984212
:1045B00009D1086840F480700860086800F48070D1
:1045C000009006B010BD114B9842FAD1086840F433
:1045D00080600860086800F4806000900A48143821
:1045E000016841F020010160006800F020000090A7
:1045F0001815019003200290039201A9044801F0CC
:10460000B7F9DEE7002001404438024000220140B3
:10461000001402402DE9F04104460D4620688168EF
:104620004FF0000711F4806F0CD0806810F4807F89
:1046300008D0206C40F02000206484F83C700120F9
:10464000BDE8F08101F0B2FA06462068006810F07B
:10465000020F12D1B5F1FF3F0AD025B101F0A6FA41
:10466000801BA84204D92068006810F0020F12D005
:104670002068006810F0020FECD021686FF0120083
:104680000860206C40F4007020642068816811F09C
:10469000405F09D01EE0206C40F00400206484F8E4
:1046A0003C700320BDE8F081217E99B9C16A11F404
:1046B000700F03D0806810F4806F0BD1206C20F451
:1046C00080702064206C10F4805F03D1206C40F077
:1046D000010020640020BDE8F081000081B00022CC
:1046E000009290F83C10012908D0012180F83C107C
:1046F00001688B6813F0010F03D016E0022001B0AF
:1047000070478B6843F001038B603949394B096866
:10471000B1FBF3F101EB41010091009929B100993E
:10472000491E009100990029F9D101688B6813F0A6
:10473000010F52D0036C23F0010323F4C06343F450
:10474000807303644B6813F4806F05D0036C23F40B
:10475000005343F480530364036C13F4805F04D06C
:10476000436C23F00603436400E0426480F83C207D
:10477000214A6FF022030B60516811F01F0F1F498F
:1047800007D00068884230D1816811F0405F1FD0A7
:104790002BE00068884212D0194A904204D1D1F827
:1047A000042312F01F0F0AD0A0F18042B2F591321B
:1047B0001BD1D1F8041301F01F01102915D2816813
:1047C00011F0405F11D1816841F0804181600CE0BF
:1047D000816841F08041816007E0016C41F0100187
:1047E0000164416C41F001014164002001B0704757
:1047F0000007002040420F0000230140002001403C
:104800000021014090F82020012A07D0022A05D07B
:10481000416A41F480214162012070470068426989
:10482000114341610020704770B490F82040D0F8E7
:1048300000C0DCF808C0012C08D0022C06D0416A68
:1048400041F48021416270BC012070470CF080640B
:104850000CF000652C4302D11CF0805F55D0CCF3E6
:10486000016C012404FA0CF41C608B684FF4C074D2
:104870009BB1CD6804EB0C162B434D6843EAC5038E
:104880000568AB514FF4C273066803EB0C130D6956
:10489000F550097D012909D00DE00D88CB6804EBA6
:1048A0000C1643EA45530568AB51EBE70168CD5858
:1048B00045F48075CD501179D379557941EA03617A
:1048C00093791B0443EA052319434FF4C675036823
:1048D00005EB0C1559511178D37841EA03619378AF
:1048E00052781B0443EA022211434FF4C473026856
:1048F00003EB0C13D150016804EB0C100A5842F082
:1049000001020A5070BC00207047416A41F4001156
:10491000416270BC0120704790F82020012A07D026
:10492000022A05D0416A41F480214162012070478A
:104930004248D0F8002242F00102C0F80022D0F82C
:10494000002222F47C52C0F80022D0F800224B6AE8
:1049500042EA0322C0F800220A7D012302F01F026E
:1049600003FA02F2D0F81C329343C0F81C32CB6930
:10497000D3B9D0F80C329343C0F80C32B1F80CC064
:104980004B686CF31F43D1F814C000EBCC0CCCF88F
:104990004032B1F808C00B686CF31F43D1F814C063
:1049A00000EBCC0CCCF84432CB69012B1AD1D0F8F7
:1049B0000C321343C0F80C32B1F800C04B686CF3F2
:1049C0001F43D1F814C000EBCC0CCCF84032B1F846
:1049D00008C0CB686CF31F43D1F814C000EBCC0CBB
:1049E000CCF844328B697BB1D0F804321343C0F861
:1049F00004320B6973B1D0F814321343C0F8143287
:104A0000096A01290CD010E0D0F804329343C0F8B1
:104A10000432EEE7D0F814329343C0F81432EFE7D3
:104A2000D0F81C121143C0F81C12D0F8001221F06B
:104A30000101C0F80012002070470000006400402F
:104A4000704730B490F820C0BCF1010F09D0BCF120
:104A5000020F06D0416A41F48021416230BC01203E
:104A6000704739B1D0F800C0DCF810C01CF0030F5B
:104A700033D006E0D0F800C0DCF80CC01CF0030F07
:104A800024D04FF4D87C04680CEB011C54F80C4083
:104A900004F0040494603CB3046854F80C40E40847
:104AA0005460046854F80CC00CF0020CC2F80CC03E
:104AB0004FF4DA7C04680CEB011C54F80C5005F040
:104AC0000F05082D16D30824146118E0416A41F43B
:104AD0000011416230BC01207047416A41F400116D
:104AE000416230BC01207047046854F80C40640DEA
:104AF0001460D6E754F80C4004F00F041461046805
:104B000054F80C40C4F307249461046854F80CC0B2
:104B10004FEA1C4CC2F814C04FF4DC72D0F800C04D
:104B200002EB01125CF802C083F800C0D0F800C0AC
:104B30005CF802C04FEA1C2C83F801C0D0F800C01A
:104B40005CF802C04FEA1C4C83F802C0D0F800C0E9
:104B50005CF80220120EDA704FF4DE72D0F800C05A
:104B600002EB01125CF802C083F804C0D0F800C068
:104B70005CF802C04FEA1C2C83F805C0D0F800C0D6
:104B80005CF802C04FEA1C4C83F806C0D0F800C0A5
:104B90005CF80220120EDA7139B10068016941F047
:104BA0002001016130BC002070470068C16841F0FD
:104BB0002001C160F6E72DE9F05F05460024286872
:104BC0004669D0F804908768D0F80CA0D0F810B0EF
:104BD000D0F8188016F0010F54D017F0010F17D03D
:104BE0000121816017F0020F03D0284600F092FCEB
:104BF0000EE017F0040F02D04FF4006408E017F045
:104C0000080F02D04FF4805402E0284600F081FCE7
:104C100017F4807F19D029684FF48070886017F4EA
:104C2000007F03D0284600F077FC0EE017F4806F79
:104C300002D044F4005408E017F4006F02D044F4AA
:104C4000804402E0284600F066FC17F4803F19D04B
:104C500029684FF48030886017F4003F03D028465D
:104C600000F05CFC0EE017F4802F02D044F4004406
:104C700008E017F4002F02D044F4803402E0284604
:104C800000F04BFC16F0080F07D01AF0100F04D0FC
:104C900044F4007429681020C86016F0040F4FF027
:104CA000080707D01AF0080F04D02868C760284604
:104CB00000F0D0F916F0020F07D02868C06810F095
:104CC000030F02D0284600F0C7F916F0400F07D0B6
:104CD0001BF0100F04D044F4806429681020086190
:104CE00016F0200F07D01BF0080F04D028680761CA
:104CF000284600F0D9FB16F0100F07D0286800698D
:104D000010F0030F02D0284600F0CFFB16F4003F4E
:104D100008D019F0100F05D02968102048602846E7
:104D200000F0C4FB16F4803F07D019F0080F04D040
:104D300028684760284600F0F2FB16F4004F4AD07E
:104D400019F0040F44D016F4807F04D018F0010F3E
:104D500001D044F0010416F4007F04D018F0020FD3
:104D600001D044F0020416F4806F04D018F0040F50
:104D700001D044F0040416F4006F29D018F0700F2D
:104D800026D008F07000402815D006DC102809D085
:104D900020280AD0302816D10AE050280ED06028EA
:104DA00011D10EE044F008040DE044F010040AE0D4
:104DB00044F0200407E044F0400404E044F08004A0
:104DC00001E044F480742868816921F070018161F8
:104DD000296804204860002C05D0686A2043686276
:104DE0002846FFF72DFEBDE8F09F70B50446002C65
:104DF00003D094F8200010B104E0012070BD2046DB
:104E000000F0A8F82068016841F00101016000F09D
:104E1000CDFE0546206840684FF0050610F0010FF2
:104E200011D100F0C3FE401B0A2807D9606A40F484
:104E30000030606284F82060012070BD2068406806
:104E400010F0010FEDD02068016821F0020101602F
:104E500000F0ACFE05462068406810F0020F11D04B
:104E600000F0A4FE401B0A2807D9606A40F4003015
:104E7000606284F82060012070BD2068406810F0F6
:104E8000020FEDD1207E01283FD02068016821F07B
:104E900080010160607E01283DD02068016821F01A
:104EA00040010160A07E01283BD02068016821F00C
:104EB00020010160E07E012839D02068016841F0BE
:104EC00010010160207F012837D02068016821F09F
:104ED00008010160607F012835D02068016821F059
:104EE00004010160E168A068626908432169114317
:104EF00008436168491E08432168C8610020606258
:104F0000012084F82000002070BD2068016841F075
:104F100080010160BEE72068016841F04001016046
:104F2000C0E72068016841F020010160C2E7206805
:104F3000016821F010010160C4E72068016841F0B8
:104F400008010160C6E72068016841F004010160C2
:104F5000C8E700002DE9F04186B00446142101A8FD
:104F6000FBF740FC364B374ADFF8D08018682168E1
:104F7000344C03260227401C103200254FF0090C48
:104F8000414527D11860012807D1106840F0007012
:104F90001060106800F000700090206840F0080079
:104FA0002060206800F008000090019602970395A9
:104FB0000496CDF814C001A9234800F0D9FC0022C2
:104FC0000621142001F0ACFA142001F09BFA06B07F
:104FD000BDE8F081DFF874804145F8D1116841F0F7
:104FE00080611160116801F08061009118600128F2
:104FF00007D1106840F000701060106800F0007079
:105000000090206840F002002060206800F002005C
:10501000009060200190029703950496CDF814C08B
:1050200001A90B4800F0A4FC00220621402001F059
:1050300077FA402001F066FAC9E7000000640040FA
:105040002C00002030380240000C02400068004074
:105050000004024070470000F0B52DED028B89B0CE
:10506000FE494FF480567742DFEDFD8A9FEDFD8AC1
:10507000FD4D88427BD16B4602AA0021FFF7E1FC7F
:10508000002875D10498002872D1059800286FD1A6
:105090009DF80000012805D0022803D0032801D084
:1050A000042855D1401EC0B2EF49B43101EB0014C1
:1050B00094ED010A84ED000A9DF802009DF80110AC
:1050C000F2EE090A40EA01201021BAEE090A0EF0B8
:1050D0000DF8DFEDE60A20EE201ADFEDE50A81EE9D
:1050E000200A84ED010A10EE100AE249884203DD2D
:1050F00030EE480A84ED010A94ED010ADE4910EE13
:10510000100A884203D930EE080A84ED010A9DF89E
:1051100003009DF80410000140EA11100C21F3EE89
:105120000E0ABBEE0E0A0DF0E1FF84ED020A9DF8B7
:1051300004109DF8050001F00F0140EA01200C2148
:10514000F3EE020ABBEE020A0DF0D0FF84ED030A73
:10515000029840F20222A0F2022190420DD008DC17
:10516000522857D0A0F5007001384FD105E08BE0F0
:105170004CE0012901D0022948D10298401EC2B258
:1051800002EB820105EB810035F8213003819DF8A7
:1051900001309DF8004043EA042325F821309DF8B2
:1051A00003309DF8024043EA042343809DF8053014
:1051B0009DF8044043EA042383809DF80630837100
:1051C00035F82130B0F908401B1BB34203DD0369F9
:1051D0005B1E036104E0BB4202DA03695B1C0361EE
:1051E00035F8211090ED040A00EE901AB8EEC00ACE
:1051F000F8EE600A20EE080A60EE880A00EEA80ABF
:1052000080ED030A521CD0B20BF0D4F909B0BDEC0A
:10521000028BF0BD99489DF8001000F8011C9DF824
:1052200001109DF8022041EA022100EE101AB8EEAA
:10523000400A9FED931A30EE410ADFED920A20EE0C
:10524000200ABCEEC00A10EE101A01809DF803106F
:105250009DF8042041EA022100EE101AB8EE400A3F
:1052600030EE410A20EE200ABCEEC00A10EE101A01
:1052700041809DF805109DF8062041EA02218180B9
:105280009DF807108171C1E77F498842BED16B4606
:1052900002AA0021FFF7D5FB0028B7D10498002807
:1052A000B4D105980028B1D102986F4CA0F5807058
:1052B000413804F18C04DFED750A2DD0012853D05C
:1052C000C4287AD0C628A1D1674935F9782F01F1D1
:1052D0007800A1F880209DF801109DF8003041EA87
:1052E000032129809DF803309DF8024043EA0423FE
:1052F00043809DF805309DF8044043EA04238380F1
:105300009DF8063083718A1AB2427DDD564AD2F882
:105310008820521E026197E09DF8010020709DF8E0
:1053200002009DF8031040EA012060809DF804000F
:105330009DF8051040EA0120A080E08820819DF8BA
:1053400006009DF8071040EA0120E08000EE100AF8
:10535000B8EE400A20EE080A20EE200A84ED030A87
:105360000EF060FE206151E79DF8010020759DF868
:1053700002009DF8031040EA0120E0829DF804003D
:105380009DF8051040EA01202083608BA0839DF8E2
:1053900006009DF8071040EA0120608300EE100A25
:1053A000B8EE400A20EE080A20EE200A84ED080A32
:1053B0000EF038FE606229E7FFE72B4935F9502FE0
:1053C00001F15000A1F858209DF801109DF800301F
:1053D00041EA032129809DF803309DF8024043EA09
:1053E000042343809DF805309DF8044043EA0423DC
:1053F00083809DF8063083718A1AB24205DD1A4A0D
:10540000126E521E026106E017E0BA4203DA164A33
:10541000126E521C0261144A92ED180AB8EEC00ACC
:1054200060EE080A00EE101AB8EE400A20EE080AF4
:1054300040EE280AC0ED030AE8E6BA4204DA0A4A56
:10544000D2F88820521C0261074A92ED220AB8EE77
:10545000C00A60EE080A00EE101A19E0D40E00200F
:10546000000000390000B443D02D00200000344378
:10547000DB0F494000003443000034C39202002097
:10548000000080460000803CFC0E002000008037B9
:10549000B8EE400A20EE080A40EE280AC0ED030AE2
:1054A00007200BF087F8B1E670477047704770B57A
:1054B000044694F82000012805D0606A40F40020DA
:1054C0006062012070BD022084F82000206801681D
:1054D00021F00101016000F069FB05462068406889
:1054E00010F0010F12D000F061FB401B0A2808D910
:1054F000606A40F400306062052084F820000120DA
:1055000070BD2068406810F0010FECD1002060628F
:1055100070BD70477047704770477047704770475D
:105520002DE9F0410446A66D00F040FB054694F8D5
:1055300035000027022806D08020606584F834708A
:105540000120BDE8F0812068016821F016010160AA
:105550002068416921F080014161206C08B9A06C8C
:1055600020B12068016821F008010160206801680D
:1055700021F0010101602068006810F0010F12D0D5
:1055800000F014FB401B052808D92020606503208B
:1055900084F8350084F83470BDE8F0812068006834
:1055A00010F0010FECD194F85C003F2101FA00F0FB
:1055B000B060012084F8350084F834700020BDE824
:1055C000F08190F83510022903D080214165012037
:1055D0007047052180F835100068016821F001014D
:1055E00001600020704700002DE9F84304464FF0A9
:1055F0000008CDF8008076484FF416510068B0FBE3
:10560000F1F7A56D2E6894F85C00082101FA00F00E
:10561000304211D02068026812F0040F0CD00268EA
:1056200022F00402026094F85C0001FA00F0A86025
:10563000606D40F00100606594F85C004FF0010976
:1056400009FA00F0304209D02168496911F0800F51
:1056500004D0A860606D40F00200606594F85C10B2
:1056600004208840304209D02168096811F0020FF7
:1056700004D0A860606D40F00400606594F85C1090
:1056800010208840304224D02168096811F0080FAA
:105690001FD0A8602068016811F4802F0DD0006829
:1056A00010F4002F04D0A16C99B12046884710E077
:1056B000216C71B1204688470BE0016811F4807FAE
:1056C00003D1016821F008010160216C09B1204675
:1056D000884794F85C1020208840304251D02168DF
:1056E000096811F0100F4CD0A86094F83500052817
:1056F0000DD02068016811F4802F32D0006810F4BA
:10570000002F29D0E16B59B32046884739E0206843
:10571000016821F0160101602068416921F08001D3
:105720004161206C08B9A06C20B12068016821F0AB
:105730000801016094F85C003F2101FA00F0A860C4
:1057400084F8359084F83480216D00293ED001B072
:105750002046BDE8F0430847616C09B12046884700
:105760000FE0016811F4807F07D1016821F010017A
:10577000016084F8359084F83480E16B09B12046EB
:105780008847606D002821D0606D10F0010F15D0A2
:10579000052084F835002068016821F001010160CE
:1057A0000098401C0090B84204D82068006810F0AF
:1057B000010FF5D184F8359084F83480E16C00292C
:1057C00004D001B02046BDE8F0430847BDE8F883A7
:1057D000000700202DE9F041044600F0E7F90546F6
:1057E000DCB1022084F83500002684F8346020689B
:1057F000016821F0010101602068006810F0010FCC
:1058000013D000F0D3F9401B052809D9202060658A
:10581000032084F83500BDE8F0810120BDE8F08167
:105820002068006810F0010FEBD121680868234A56
:105830001040A3686268D4F810C01A43E36843EAD2
:105840000C031A4363691A43A3691A43E3691A43B1
:10585000236A1A431043626A042A03D1236BE26A63
:105860001A43104308602068406920F00701606A0D
:1058700040EA0105012704280ED1A06A0543E06A29
:1058800050B12046FEF7AEFA30B14020606584F892
:1058900035700120BDE8F081206845612046FEF7A3
:1058A00087FA94F85C103F2202FA01F18160666584
:1058B00084F835700020BDE8F08100003F8010F0D2
:1058C00010B5234C10281AD020282AD0082836D00A
:1058D000012813D10EF092FB01280FD004F10C0126
:1058E00020690DF071FEE068002807D019494FF0DB
:1058F00080500860BFF34F8FBFF36F8F10BD09203A
:105900000AF058FE607840F001006070A07840F026
:105910000100A07020790028F0D0BDE810400BF005
:105920004DBA08200AF046FE207840F001002070B1
:1059300020790028E2D0BDE810400BF03FBA0A20E1
:105940000AF038FEE07840F00100E07010BD000081
:10595000B800002004ED00E010B504490A680242D6
:1059600002D00860FFF7ACFF10BD0000143C0140FE
:105970002DE9F84F0022DFF818A2DFF810924FF05F
:10598000010E03274FF00F08AAF1040B0EFA02FCD8
:105990000B6803EA0C0363457DD10C7904F0030422
:1059A000012C01D0022C14D18568540007FA04F6AA
:1059B000B543CE6806FA04F42C438460446824EAB4
:1059C0000C0C0C79C4F30014944044EA0C0CC0F89D
:1059D00004C0D1F804C037EA0C0C0CD0C4684FEAFC
:1059E000420C07FA0CF5AC438D6805FA0CFC4CEA46
:1059F000040CC0F80CC091F804C00CF0030CBCF10E
:105A0000020F12D14FEAD20C00EB8C04256A4FEA48
:105A1000427C4FEADC6C08FA0CF6B5430E6906FAD4
:105A20000CFC4CEA050CC4F820C004684FEA420C98
:105A300007FA0CF5AC430D7905F0030505FA0CFCEB
:105A40004CEA040CC0F800C0D1F804C01CF4403F7C
:105A50007DD0D9F800C04CF4804CC9F800C0D9F80A
:105A600000C00CF4804CCDF800C022F0030C0CF107
:105A7000804505F59835D5F808C89407240F08FA2D
:105A800004F62CEA0606A0F1804CBCF5003C64D07C
:105A9000A0F1804C00E05AE0BCF5013C60D0A0F1E0
:105AA000804CBCF5023C5ED0A0F1804CBCF5033CC0
:105AB0005CD0A0F1804CBCF5043C5AD0A0F1804CE5
:105AC000BCF5053C58D0A0F1804CBCF5063C56D046
:105AD000A0F1804CBCF5073C54D04FF0080C0CFAF8
:105AE00004FC4CEA060CC5F808C8DAF800C02CEA39
:105AF000030C4C6814F4801F01D04CEA030CCAF864
:105B000000C0244CD4F800C02CEA030C4D6815F4F6
:105B1000001F01D04CEA030CC4F800C0DBF800C041
:105B20002CEA030C4C6814F4003F01D04CEA030C3F
:105B3000CBF800C0184CD4F800C02CEA030C4D6818
:105B400015F4803F01D04CEA030CC4F800C0521C8D
:105B5000102AFFF41BAFBDE8F88F4FF0000CBEE732
:105B60004FF0010CBBE74FF0020CB8E74FF0030C0D
:105B7000B5E74FF0040CB2E74FF0050CAFE74FF07C
:105B8000060CACE74FF0070CA9E7000044380240D0
:105B9000083C01400C3C0140003C0140002A01D07F
:105BA0008161704709048161704700000148806885
:105BB000704700000407002070B50446002C04D094
:105BC00094F83D00002510B106E0012070BD84F876
:105BD0003C50204600F09AFB242084F83D002068C9
:105BE000016821F0010101602068016841F4004171
:105BF00001602068016821F40041016000F058FE56
:105C0000544B6168994203D85349884203D304E056
:105C10005249884201D2012070BD5149B0FBF1F1D7
:105C20002268D2F804C02CF03F0C4CEA010CC2F8F8
:105C300004C062689A4201D84A1C07E04FF4967289
:105C400051434FF47A72B1FBF2F14A1C2168D1F84A
:105C500020C02CF03F0C42EA0C020A6261689942B3
:105C600010D84900401EB0FBF1F2521CC2F30B02E7
:105C7000042A01D2042026E0B0FBF1F0401CC0F35E
:105C80000B0020E0A268002A50D001EBC10303EB17
:105C90000113A0F1010CBCFBF3F35B1C43F4804344
:105CA0001B051B0D4AD0002A4AD001EBC10202EBB2
:105CB0000111401EB0FBF1F0401CC0F30B0040F49A
:105CC000804040F400402168CA6922F0FF0222F4BB
:105CD0004F421043C861216AE069014320680268AD
:105CE00022F0C00211430160E1682069014320688D
:105CF000826822F0FF0222F4034211438160A1690D
:105D0000606901432068C26822F0FF021143C1604C
:105D10002068016841F0010101602564202084F8B9
:105D20003D00256384F83E50002070BD01EB410327
:105D3000A0F1010CBCFBF3F35B1CB1E70120C2E74F
:105D400001EB4101401EB0FBF1F0401CC0F30B0021
:105D5000B7E70000A086010080841E0000093D0016
:105D600040420F002DE9F84F04468A469046994676
:105D70000A9FFFF71BFF064694F83D00202802D03B
:105D80000220BDE8F88F192301224C4920460096D5
:105D900002F03BFB10B10220BDE8F88F94F83C0004
:105DA000012808D0012084F83C002068016811F027
:105DB000010F03D006E00220BDE8F88F016841F032
:105DC000010101602068016821F400610160212067
:105DD00084F83D00102084F83E0000252564C4F8B6
:105DE0002480A4F82A90608D20853548E0623346EF
:105DF0003A465146204602F069F910B10120BDE84B
:105E0000F88F2068416980690090208D002846D075
:105E100032463946204602F026FC50B1206C042858
:105E200004D12068016841F4007101600120BDE8DF
:105E3000F88F606A216800780861606A00F1010CDF
:105E4000C4F824C0608D401E6085208D401E80B245
:105E500020852268516911F0040F0CD058B19CF8CC
:105E600000001061606A401C6062608D401E6085A9
:105E7000208D401E208532463946204602F092FA97
:105E800050B1206C042804D12068016841F40071ED
:105E900001600120BDE8F88F208D0028B8D120686E
:105EA000016841F400710160202084F83D0084F80D
:105EB0003E5084F83C500020BDE8F88F02001000EE
:105EC0000000FFFF2DE9FF4F83B004468A4693464A
:105ED000DDF84490DDF84080129EFFF767FE05462E
:105EE00094F83D00202803D007B00220BDE8F08FD1
:105EF00019230122A5492046009502F086FA18B11F
:105F000007B00220BDE8F08F94F83C00012808D0CB
:105F1000012084F83C002068016811F0010F04D0D2
:105F200007E007B00220BDE8F08F016841F00101F1
:105F300001602068016821F400610160222084F87A
:105F40003D00402084F83E0000272764C4F82480E8
:105F5000A4F82A90608D20858D48E0620195009616
:105F60005A4651462046069B02F00AF918B107B07E
:105F70000120BDE8F08F208D10B3012829D0022820
:105F800035D02068416980690290208D002800F09A
:105F9000F180DFF80082208D032800F2B78001280D
:105FA00034D002284AD0334600224146204600958C
:105FB00002F02BFA00286CD007B00120BDE8F08F6A
:105FC0002068416981690291016841F400710160B2
:105FD000DBE72068016821F4806101602068416985
:105FE00081690291016841F400710160CDE7206888
:105FF000016821F4806101602068016841F400615A
:1060000001602068416980690290BEE72A463146F6
:10601000204602F0E5FA18B107B00120BDE8F08F84
:1060200020680069616A0870606A401C6062208DA7
:10603000401E2085608D401E608597E0334600221B
:1060400041462046009502F0E0F918B107B0012062
:10605000BDE8F08F2068016841F40071016020689C
:106060000069616A0870606A401C6062218D491E87
:106070002185618D491E6185216809690170606A09
:10608000401C6062208D401E2085608D401E608512
:106090006CE02068016821F480610160206800697B
:1060A000616A0870606A401C6062208D401E208515
:1060B000608D401E60853346002241462046009593
:1060C00002F0A3F918B107B00120BDE8F08F2068F5
:1060D000016841F40071016020680069616A08701C
:1060E000606A401C6062218D491E2185618D491EB8
:1060F0006185216809690170606A401C6062208DB9
:10610000401E2085608D401E60852FE02A46314666
:10611000204602F065FA18B107B00120BDE8F08F03
:1061200020680069616A0870606A401C6062208DA6
:10613000401E82B22285608D401E608520684169C4
:1061400011F0040F12D0032A03D1016821F48061F9
:10615000016020680069616A0870606A401C6062C2
:10616000208D401E2085608D401E6085208D00287A
:106170007FF411AF202084F83D0084F83E7084F84D
:106180003C7007B00020BDE8F08F00000200100056
:106190000000FFFF040001002DE9FF4F83B004461B
:1061A0008A469346DDF84490DDF84080129EFFF762
:1061B000FDFC054694F83D00202803D007B00220DE
:1061C000BDE8F08F192301224E492046009502F0C8
:1061D0001CF918B107B00220BDE8F08F94F83C001C
:1061E000012808D0012084F83C002068016811F0E3
:1061F000010F04D007E007B00220BDE8F08F01686E
:1062000041F0010101602068016821F40061016032
:10621000212084F83D00402084F83E0000272764B8
:10622000C4F82480A4F82A90608D20853648E06266
:10623000019500965A4651462046069B02F04AF8C0
:1062400018B107B00120BDE8F08F208D002836D0AE
:106250002A463146204602F006FA58B1206C04283E
:1062600004D12068016841F40071016007B0012089
:10627000BDE8F08F606A216800780861606A00F10B
:10628000010CC4F824C0208D401E80B22085618D91
:10629000491E61852368596911F0040F0CD058B16B
:1062A0009CF800001861606A401C6062208D401EEE
:1062B0002085608D401E6085208D0028C8D12A462B
:1062C0003146204602F06EF858B1206C042804D103
:1062D0002068016841F40071016007B00120BDE849
:1062E000F08F2068016841F400710160202084F87B
:1062F0003D0084F83E7084F83C7007B00020BDE893
:10630000F08F0000020010000000FFFF2DE9F041B7
:1063100086B00446142101A8FAF764FA2168414CBA
:106320003F4B00223F481226032504271034994290
:106330001CD1016841F002010160006800F0020018
:10634000009028020190029603920495059701A9F6
:106350003548FFF70DFB206840F4001020602068EE
:1063600000F40010009006B0BDE8F0812F4A4FF015
:106370000108914220D1016841F0200101600068CC
:1063800000F02000009001950296CDF80C80049555
:10639000059701A92648FFF7EBFA206840F4800032
:1063A0002060206800F48000009022480068416866
:1063B00041F400614160D6E71F4A9142D3D10168A0
:1063C00041F004010160016801F0040100910168DD
:1063D00041F001010160006800F0010000905015DB
:1063E00001900296CDF80C800495059701A91348F9
:1063F000FFF7BEFA4FF4807001900296CDF80C8042
:106400000495059701A90E48FFF7B2FA206840F4F9
:1064100000002060206800F400000090A3E7000066
:106420000054004030380240000402400058004050
:1064300000140240780F0020005C00400008024079
:106440000000024002488168027811448160704770
:106450000407002010B50B48016841F40071016089
:10646000016841F480610160016841F4807101605C
:10647000032000F089F80F2000F006F800F026F85D
:10648000002010BD003C024070B504460D4D4FF495
:106490007A712878B1FBF0F00B490968B1FBF0F094
:1064A00000F01EFF08B1012070BD102C07D20022A1
:1064B0002146501E00F034F86C60002070BD0120B1
:1064C00070BD0000040700200007002082B00C48C7
:1064D000016841F480410160006800F4804001904F
:1064E0000748001F016841F080510160006800F01A
:1064F0008050019000220F21901E02B000F010B8D1
:106500004438024000280ADB00F01F01012202FA91
:1065100001F14009800000F1E020C0F8001170474F
:1065200010B4184B1B68C3F30223C3F1070CBCF172
:10653000040F01D94FF0040C1C1D072C01D20023BD
:1065400000E0DB1E012404FA0CFCACF1010C0CEAA7
:106550000101994004FA03F35B1E1A40114300281D
:1065600006DB00F1E020090180F8001410BC704740
:1065700000F00F0000F1E020090180F8141D10BCAC
:10658000704700000CED00E000F00700064A1168BB
:106590004FF6FF03194041EA002040F0FD7040F043
:1065A00080601060704700000CED00E02DE9F843BA
:1065B00004464FF0010820784FF0000710F0050F57
:1065C00033D0DFF84491C9F86870FFF7EFFA064658
:1065D0004E4D286810F0006F0BD0FFF7E7FA801BD4
:1065E000022802D90320BDE8F883286810F0006F64
:1065F000F3D16068217A800140EA01704449086063
:10660000C9F86880FFF7D2FA0646286810F0006FD4
:106610000BD1FFF7CBFA801B022802D90320BDE87B
:10662000F883286810F0006FF3D0207810F0020F84
:106630005CD03848016841F080510160006800F08A
:1066400080500090344D286840F480702860FFF737
:10665000ADFA0646286810F4807F0BD1FFF7A6FA42
:10666000801B022802D90320BDE8F883286810F4B3
:10667000807FF3D0294D286800F4407028B3A189A9
:1066800001F44071814220D0286820F440702449F0
:10669000C1F800800F602860286810F0010F14D046
:1066A000FFF784FA0646286810F0020F0DD141F278
:1066B0008837FFF77BFA801BB84202D90320BDE878
:1066C000F883286810F0020FF3D0E0684FF44071AF
:1066D00031EA000213490CD0086820F4F810086071
:1066E0002868A189C1F30B01084328600020BDE898
:1066F000F8830A6820F4407022F4F81220F0704009
:1067000010430860ECE700000000474200380240F8
:106710008438024040380240007000407038024027
:10672000400E4742083802402DE9F04704460D4626
:10673000002C13D0DFF85491D9F80000EFB200F02C
:106740000700A8420DD289F80070D9F8000000F0C7
:106750000700A84205D00120BDE8F0870120BDE870
:10676000F08720684A4E10F0020F14D010F0040F8A
:1067700003D0306840F4E0503060207810F0080F0B
:1067800003D0306840F4604030603068A16820F089
:10679000F00008433060207810F0010F3ED06068B0
:1067A0003C49012808D002280DD003280BD00968E5
:1067B00011F0020F28D00AE0096811F4003F06D159
:1067C0000120BDE8F087096811F0007F19D0316819
:1067D00021F0030108433060FFF7E8F98046306894
:1067E000616800F00C00B0EB810F17D041F2883ADD
:1067F000FFF7DCF9A0EB0800504508D90320BDE8FD
:10680000F0870120BDE8F0870120BDE8F0873068FF
:10681000616800F00C00B0EB810FE9D1D9F80000FD
:1068200000F00700A8420AD989F80070D9F80000E2
:1068300000F00700A84202D00120BDE8F0872078D0
:1068400010F0040F05D03068E16820F4E0500843F0
:106850003060207810F0080F06D03068216920F4ED
:10686000604040EAC100306000F042F831680A4AF6
:10687000C1F30311515CC84008490860084800682A
:10688000FFF702FE0020BDE8F0870000003C024058
:1068900008380240003802409E6F010800070020BF
:1068A000080700200148006870470000000700202A
:1068B00000B5FFF7F7FF04490968044AC1F38221D4
:1068C000515CC84000BD000008380240AE6F0108AE
:1068D00000B5FFF7E7FF04490968044AC1F34231F4
:1068E000515CC84000BD000008380240AE6F01088E
:1068F00010B51748006810F00C01164816D0164B5A
:10690000042912D0082911D1144C216801F03F024A
:10691000216811F4800F0AD02068C0F38810A0FB12
:1069200003010023F9F7F0FD09E0184610BD2168C6
:106930000023C1F38811A1FB0001F9F7E5FD2168EF
:10694000C1F30141491C4900B0FBF1F010BD00004A
:10695000083802400024F400001BB700043802404D
:106960002DE9F84F0446002C12D02078FB4E10F091
:10697000010FA6F1040563D0301D016801F00C0180
:1069800004290CD0006800F00C00082803D010E0A7
:106990000120BDE8F88F306810F4800F09D0286816
:1069A00010F4003F4CD06068002849D10120BDE8B8
:1069B000F88F6068B0F5803F14D0B0F5A02F16D0E6
:1069C000286820F480302860286820F4802028601F
:1069D000606810B3FFF7EAF80746286810F4003F34
:1069E0000ED02DE0286840F480302860F0E7286859
:1069F00040F480202860286840F480302860E7E771
:106A0000FFF7D4F8C01B642802D90320BDE8F88F33
:106A1000286810F4003FF3D012E0FFF7C7F80746EC
:106A2000286810F4003F0BD0FFF7C0F8C01B6428A3
:106A300002D90320BDE8F88F286810F4003FF3D195
:106A40002078C74F10F0020F4FF0000957D0C5480B
:106A5000016811F00C0F14D0006800F00C00082839
:106A600003D1306810F4800F0BD0E06880B30120B0
:106A70003860FFF79BF88046286810F0020F12D0AC
:106A80001EE0286810F0020F05D0E068012802D04F
:106A90000120BDE8F88F2868216920F0F80040EA5D
:106AA000C10028602BE0FFF781F8A0EB0800022866
:106AB00002D90320BDE8F88F286810F0020FF2D049
:106AC0002868216920F0F80040EAC100286016E03B
:106AD000FFE7C7F80090FFF769F88046286810F0D4
:106AE000020F0CD0FFF762F8A0EB0800022802D9D1
:106AF0000320BDE8F88F286810F0020FF2D120784B
:106B000010F0080F35D09848DFF860A26169C1B174
:106B100001210160FFF74AF88046DAF8000010F022
:106B2000020F26D1FFF742F8A0EB0800022802D995
:106B30000320BDE8F88FDAF8000010F0020FF1D062
:106B400017E0C0F80090FFF731F88046DAF800004F
:106B500010F0020F0DD0FFF729F8A0EB0800022873
:106B600002D90320BDE8F88FDAF8000010F0020F18
:106B7000F1D1207810F0040F71D04FF000087C485C
:106B8000006810F0805F0AD17948016841F08051B7
:106B90000160006800F0805000904FF00108DFF8BD
:106BA000D4B1DBF8000010F4807F1BD1DBF80000CB
:106BB00040F48070CBF80000FEF7F8FF8246DBF867
:106BC000000010F4807F0DD1FEF7F0FFA0EB0A006B
:106BD000022802D90320BDE8F88FDBF8000010F48A
:106BE000807FF1D0A068DFF890B1012818D0052887
:106BF0001DD0DBF8000020F00100CBF80000DBF82E
:106C0000000020F00400CBF80000A06840B3FEF7BD
:106C1000CDFF8246DBF8000010F0020F14D03EE0FA
:106C2000DBF8000040F00100CBF80000EDE7DBF8F6
:106C3000000040F00400CBF80000DBF8000040F05A
:106C40000100CBF80000E0E7FEF7B0FFA0EB0A017F
:106C500041F28830814204D90320BDE8F88F26E054
:106C600005E0DBF8000010F0020FEDD017E0FEF7B2
:106C70009DFF8246DBF8000010F0020F0FD0FEF7F8
:106C800095FFA0EB0A0141F28830814202D903202E
:106C9000BDE8F88FDBF8000010F0020FEFD1B8F17B
:106CA000010F04D13248016821F080510160A069D0
:106CB000F0B32C4909684FF0FF3801F00C010829A6
:106CC00066D0022810D0C7F86090FEF76FFF044628
:106CD000286810F0007F2BD0FEF768FF001B022809
:106CE00051D90320BDE8F88FC7F86090FEF75EFF2A
:106CF0008146286810F0007F0CD0FEF757FFA0EB0C
:106D00000900022802D90320BDE8F88F286810F096
:106D1000007FF2D1216AE069A26A0843616A08EB48
:106D20005202890141EA0241084394F82C1000E024
:106D300055E040EA0160306001203866FEF736FF1A
:106D40000446286810F0007F49D1FEF72FFF001B92
:106D5000022813D90320BDE8F88F00000438024050
:106D60000000474208380240800E47427438024013
:106D7000403802400070004070380240286810F02F
:106D8000007FE2D02BE0286810F0007FA4D126E03D
:106D9000012822D03068E26900F4800191421AD1C2
:106DA000226A00F03F01914215D147F6C071626A34
:106DB0000140B1EB821F0ED1A26A00F4403108EB12
:106DC0005202B1EB024F06D194F82C1000F0706023
:106DD000B0EB016F03D00120BDE70120BBE700202D
:106DE000B9E710B50446002C02D0607F10B106E070
:106DF000012010BD00202077204600F041F802203D
:106E000060772068C16811F0100F05D000200028BD
:106E1000EFD10121617710BDCA2141622168532061
:106E20004862204602F078FED8B92068816821F0D7
:106E3000400121F4E0018160206881686268636933
:106E4000114322691A43114381602168E068086197
:106E500020680169228941EA02410161204602F06D
:106E60007FFE48B921680A6C22F480220A642168F6
:106E70000A6CA3691A430A642268FF215162C6E7BB
:106E80001FB500210091019102910391006808490A
:106E900088420CD102200090064803906846FFF714
:106EA00085FB08B1FCF7EAFF0349012008601FBD1C
:106EB0000028004000031E003C0E474270B5044607
:106EC0000C482168C860FEF771FE05462068C0685E
:106ED00010F0200F0CD1FEF769FE401BB0F57A7F51
:106EE00001D9032070BD2068C06810F0200FF2D0D7
:106EF000002070BD5F7F010070B50446002C09D0F2
:106F0000606A002540B125616561A56294F8510071
:106F100040B10CE0012070BD6068B0F5827FF4D014
:106F2000E561F2E784F85050204600F045F8022071
:106F300084F851002068016821F040010160A088B8
:106F4000218900F4827001F404410843A18901F40D
:106F500000610843217C01F002010843217D01F01A
:106F600001010843218B01F400710843217F01F0E6
:106F70003801084394F8201001F080010843218D66
:106F800001F40051084321680860A169042000EA67
:106F9000114094F8241001F0100101432068416071
:106FA0002068C16921F40061C1616565012084F830
:106FB0005100002070BD00002DE9F04387B0054668
:106FC000142102A8F9F70EFC3949286888426CD1CF
:106FD00000263848016841F480510160006800F4DF
:106FE0008050019033481438016841F0020101607B
:106FF000016801F002010191016841F001010160A5
:10700000006800F001000190182002904FF0020883
:10701000CDF80C804FF00109CDF8109003240594B1
:107020000527069702A92448FEF7A2FC80200290BB
:10703000CDF80C80CDF810900594069702A91F4852
:10704000FEF796FC1F4C1E4820604FF0C068C4F845
:107050000480A660E660071527616661A661E661A7
:107060004FF44030206266622046FEF7B3FB08B161
:10707000FCF704FFEC64A5631148124C183060342F
:107080002060C4F804804020A060E660276166614B
:10709000A661E661C002206266622046FEF79AFBA6
:1070A00008B1FCF7EBFEAC64A56307B0BDE8F08364
:1070B0000030014044380240000402400000024019
:1070C00040640240981000202DE9F84F04460A9EC3
:1070D0008A4693461F460125FEF768FD804694F8D0
:1070E00051006168012809D0B1F5827F03D1A16800
:1070F00009B9042802D00220BDE8F88FBAF1000FC8
:1071000028D0BBF1000F25D0380023D094F85000D0
:10711000012822D0012084F8500094F8510004285E
:1071200002D0052084F851004FF00009C4F85490B3
:10713000C4F838B0E787A787C4F830A0E786A786E9
:10714000C4F84090C4F844902068016811F0400FE2
:1071500006D009E00120BDE8F88F0220BDE8F88FD5
:10716000016841F040010160E068B0F5006F05D0B2
:10717000606800284DD0012F4BD083E0606808B1D3
:10718000012F3FD1206B21680088C860206B801CD4
:107190002063E08E401EE08634E02068816811F0B4
:1071A000020F0DD0E18E59B1012D09D1216B098853
:1071B000C160206B801C2063E08E401EE0860025AD
:1071C0002068816811F0010F0BD0E18F49B1C068D0
:1071D000A16B0880A06B801CA063E08F401EE0873D
:1071E0000125FEF7E3FCA0EB0800B0420AD3B6F19C
:1071F000FF3F07D0012084F8510084F8509003200D
:10720000BDE8F88FE08E0028C7D1E08F0028C4D1F8
:107210003EE0206B216800780873206B401C2063DF
:10722000E08E401EE0862DE02068816811F0020F9C
:107230000DD0E18E59B1012D09D1216B097801736F
:10724000206B401C2063E08E401EE08600252068F5
:10725000816811F0010F0BD0E18F49B1C068A16BBB
:107260000870A06B401CA063E08F401EE0870125E2
:10727000FEF79CFCA0EB0800B04202D3B6F1FF3F42
:1072800013D196B1E08E0028CED1E08F0028CBD16B
:1072900042463146204604F025F970B12020606551
:1072A00084F850900120BDE8F88F012084F8510047
:1072B00084F850900320BDE8F88FA06818B92068C2
:1072C000C16880680090012084F8510084F85090D3
:1072D000606D10B10120BDE8F88F0020BDE8F88F87
:1072E000401EB0F1807F01D3012070474FF0E021B4
:1072F0004861044AF020107000208861072008616E
:107300000020704723ED00E030B490F83C20012AC3
:1073100044D0012480F83C40022280F83D200268DD
:10732000D2F804C093682CF0700C0D6845EA0C0C80
:10733000C2F804C00268A2F1804CBCF5803C20D0A9
:10734000B2F1804F1DD0A2F1804CBCF5806C18D0FA
:10735000A2F1804CBCF5006C13D0A2F1804CBCF5BE
:10736000406C0ED0A2F1804CBCF5823C09D0A2F159
:10737000804CBCF5A03C04D0A2F1804CBCF5C05CB4
:1073800004D123F0800349681943916080F83D409F
:10739000002180F83C1030BC0020704730BC022037
:1073A000704710B50446002C03D094F83D0010B18E
:1073B00007E0012010BD002084F83C00204600F0CA
:1073C0001FF8022084F83D00211D206804F090FA87
:1073D000012084F8460084F83E0084F83F0084F8D9
:1073E000400084F8410084F8420084F8430084F8A7
:1073F000440084F8450084F83D00002010BD0000E2
:1074000008B500682549264A884208D1106840F02E
:1074100001001060106800F00100009008BD2049D4
:10742000204B091F984208D1086840F0020008600C
:10743000086800F00200009008BD1B4B984208D17C
:10744000086840F004000860086800F0040000903C
:1074500008BD164B984208D1086840F00800086043
:10746000086800F00800009008BD1149884208D162
:10747000106840F002001060106800F002000090F8
:1074800008BD0C498842FBD1106840F40030106000
:10749000106800F40030009008BD000000000140BA
:1074A000443802400004004000080040000C004046
:1074B000000401400044014090F83D10012901D032
:1074C00001207047022180F83D100068A0F1804142
:1074D000B1F5803126D0B0F1804F23D0A0F18041AA
:1074E000B1F580611ED0A0F18041B1F5006119D0E5
:1074F000A0F18041B1F5406114D0A0F18041B1F517
:1075000082310FD0A0F18041B1F5A0310AD0A0F1B5
:107510008041B1F5C05105D0016841F00101016021
:1075200000207047816801F007010629F8D0016842
:1075300041F001010160F3E770B50446002594F8BD
:107540003C00012818D0012684F83C60022084F811
:107550003D002068826822F0770222F47F42826038
:107560000868502839D00EDC202854D006DC0028CA
:1075700051D0102811D14EE0022070BD30284AD0E1
:1075800040280AD13DE0602831D070280DD0B0F5F8
:10759000805F03D0B0F5005F13D0012584F83D6013
:1075A000002084F83C00284670BDCB684A68896892
:1075B000206804F01EFA2068816841F0770181603C
:1075C000ECE7CB684A688968206804F012FA206802
:1075D000816841F480418160E0E7CA6849682068B9
:1075E00004F0F6FA5021206804F00EFAD6E7CA68D3
:1075F0004968206804F0FFFA6021206804F004FA6A
:10760000CCE7CA684968206804F0E2FA40212068A3
:1076100004F0FAF9C2E722680146104604F0F4F9D2
:10762000BCE7000010B586B00446142101A8F9F7A4
:10763000D9F82068434C444902220123A0421AD1C0
:10764000086840F004000860086800F0040000903A
:1076500088150190029203930492059201A93B4878
:10766000FEF786F93A48FFF727FF0821384800F06F
:107670001BF906B010BD374CA0421BD1086840F082
:1076800008000860086800F00800009020140190CD
:10769000029203930492059201A92F48FEF768F91C
:1076A0002B484830FFF708FF29480821483000F0F0
:1076B000FBF8DEE7294CA04226D1086840F08000A4
:1076C0000860086800F0800000904FF4E0500190DE
:1076D000029203930492059201A92148FEF748F90A
:1076E0001B489030FFF7E8FE19480021903000F069
:1076F000DBF817480421903000F0D6F81448082130
:10770000903000F0D1F8B4E7164CA042B1D108682F
:1077100040F020000860086800F020000090402041
:1077200001900292039304920320059001A90E4850
:10773000FEF71EF90D48FFF7BFFE00210B4800F0D1
:10774000B3F896E7000400403038024000080240D9
:10775000A011002000080040000C0240000C004076
:10776000001C02400044014000140240C0120020EE
:1077700070B504460D46002694F83C0001280FD051
:10778000012084F83C006AB1042A1FD0082A32D0B4
:107790000C2A44D00126002084F83C00304670BDFD
:1077A000022070BD2946206804F036F920688169FE
:1077B00041F0080181612068816921F00401816143
:1077C000206881692A6911438161E4E729462068BC
:1077D00004F05AF92068816941F4006181612068F0
:1077E000816921F480618161206881692A6941EAA7
:1077F00002218161CFE72946206804F081F92068E1
:10780000C16941F00801C1612068C16921F004012A
:10781000C1612068C1692A691143C161BBE729467A
:10782000206804F0A9F92068C16941F40061C161D0
:107830002068C16921F48061C1612068C1692A6939
:1078400041EA0221C161A6E710B50446002C03D02D
:1078500094F83D0010B107E0012010BD002084F82D
:107860003C00204600F01EF8022084F83D00211D57
:10787000206804F03DF8012084F8460084F83E00BA
:1078800084F83F0084F8400084F8410084F8420006
:1078900084F8430084F8440084F8450084F83D00EF
:1078A000002010BD7047000010B50446002909D023
:1078B00004290AD008290BD094F8410001280AD0E5
:1078C000012010BD94F83E00F8E794F83F00F5E77A
:1078D00094F84000F2E70220D9B3042947D00829E0
:1078E00048D084F841000122206804F073F8234A4C
:1078F00020682349904201D0884203D1436C43F46D
:10790000004343642068904224D0B0F1804F21D0DE
:10791000A0F18042B2F580621CD0A0F18042B2F5A5
:10792000006217D0A0F18042B2F5406212D08842C6
:1079300010D0A0F18041B1F5A0310BD0A0F1804171
:10794000B1F5C05106D0016841F00101016000208D
:1079500010BD09E0816801F007010629F7D0016830
:1079600041F001010160F2E784F83E00BBE784F8D2
:107970003F00B8E784F84000B5E700000000014090
:107980000004014070477047F8B50446226810684B
:10799000D168536900F00F0CBCF1000F0AD110F050
:1079A000200F07D011F0200F04D02046BDE8F8408A
:1079B00004F0ECBB0025BCF1000F75D003F0010C06
:1079C00001F490765CEA06066ED010F0010F06D046
:1079D00011F4807F03D0626C42F00102626410F007
:1079E000040F06D013F0010F03D0626C42F00202C4
:1079F000626410F0020F06D013F0010F03D0626C26
:107A000042F00402626410F0080F08D001F0200276
:107A100052EA0C0203D0626C42F008026264626CAB
:107A2000002A35D010F0200F05D011F0200F02D021
:107A3000204604F0ABFB20684069C0F38010616C05
:107A400011F0080F00D148B3204604F06BFB20680A
:107A5000406910F0400F1CD02068143050E8001F1F
:107A600021F0400140E80012002AF5D1E06B60B13E
:107A70005E490165E06BFDF7A4FD002808D0E06BCE
:107A8000016D01B0BDE8F04008472046FFF77BFFDD
:107A9000F8BD2046FFF777FFF8BD05E0FFE7204679
:107AA000FFF771FF6564F8BD236B012B7ED110F0E9
:107AB000100F7BD011F0100F78D010685068009034
:107AC00050694FF0200310F0400F4FF0020644D0F1
:107AD000E16B0868406880B20028E4D0A28D824241
:107AE000E1D9E085C869B0F5807F2DD020680C30E1
:107AF00050E8001F21F4807140E80012002AF5D1FF
:107B00002068143050E8001F21F0010140E8001205
:107B1000002AF5D12068143050E8001F21F0400100
:107B200040E80012002AF5D184F84230256320682D
:107B30000C3050E8001F21F0100140E80012002A2C
:107B4000F5D1E06BFDF7ECFC6663A08DE18D401A8A
:107B500081B22046FFF716FFF8BDA08DE18D401AD7
:107B600081B2E08D0028F7D00029F5D020680C30D4
:107B700050E8002F22F4907240E8002CBCF1000F76
:107B8000F4D12068143050E8002F22F0010240E8C0
:107B9000002CBCF1000FF4D184F84230256320683A
:107BA0000C3050E8002F22F0100200E008E040E81E
:107BB0000023002BF3D166632046FFF7E3FEF8BDF8
:107BC00010F0800F07D011F0800F04D02046BDE8E0
:107BD000F84004F0DBBB10F0400FF0D011F0400F84
:107BE000EDD02046BDE8F84004F0C3BA15C1000846
:107BF00070B50446002C04D094F84100002510B163
:107C000006E0012070BD84F84050204600F024F8C2
:107C1000242084F841002068C16821F40051C1602B
:107C2000204604F019FB2068016921F490410161AC
:107C30002068416921F02A0141612068C16841F44E
:107C40000051C1606564202084F8410084F842003E
:107C50006563002070BD00002DE9F04F87B0044639
:107C6000142102A8F8F7BEFD8249DFF804C21439D6
:107C70002368804A0227072000250E154FF00308CD
:107C80004FF000694FF0400A634551D1136843F04B
:107C900010031360126802F0100201920A6842F0A9
:107CA00002020A600A6802F0020201920A6842F0C7
:107CB00001020A60096801F001010191802102912D
:107CC00003970495CDF814808346069002A96A486C
:107CD000FDF74EFE7010029003970495CDF81480C6
:107CE000CDF818B002A96548FDF742FE654F64481B
:107CF0003860C7F80490C7F808A0FD603E617D6158
:107D0000BD61FD61B00138627D623846FDF762FDFC
:107D100008B1FCF7B3F8A763BC6300220521252056
:107D2000FEF7FEFB2520FEF7EDFB07B0BDE8F08F68
:107D3000DFF854C14FF4003B63453DD14D4A121F5B
:107D4000136843F480231360126802F480220192C6
:107D50000A6842F004020A60096801F00401019116
:107D60004FF44061029103970495CDF8148006907A
:107D700002A94648FDF7FCFD424F45486037386090
:107D8000C7F80490BD60FD603E617D61BD61FD612D
:107D9000C7F820B07D623846FDF71CFD08B1FCF73E
:107DA0006DF8E763BC63002204212720FEF7B8FBCF
:107DB0002720FEF7A7FBB8E736488342B5D1106805
:107DC00040F020001060106800F02000019008686A
:107DD00040F040000860086800F0400001904FF457
:107DE0008440029003970495CDF8148008200690F3
:107DF00002A92948FDF7BCFD2148224F9038C03721
:107E000038604FF02068C7F80480BD60FD603E61B7
:107E10007D61BD61FD61C7F820B07D623846FDF728
:107E2000D9FC08B1FCF72AF8E763BC6314481B4F80
:107E300018383860C7F80480C7F808A0FD603E61B4
:107E40007D61BD61FD614FF4803038627D623846EE
:107E5000FDF7C0FC08B1FCF711F8A763BC63002272
:107E600005214720FEF75CFB4720FEF74BFB5CE754
:107E7000001001404438024000040240000002406B
:107E8000B8640240E01300200048004000080240AF
:107E90002860024000140140001802400015002034
:107EA00090F84230202B01D00220704721B11AB146
:107EB0000023036304F04EBA0120704770B50068D8
:107EC0001E49884238D11E4800781D4C1D4B641E47
:107ED0000025217821B101290DD0022917D024E0F5
:107EE000AA2801D0658020E061884A1C628058542D
:107EF0000120207019E0FF2802D06580257014E071
:107F000061884A1C62805854022020700DE061880C
:107F10004A1C92B262805854342A06D1094901F1B0
:107F20003400F8F703FC65802570BDE8704001223D
:107F300003490548FFF7B4BF70BD000000100140C1
:107F40009501002018200020081300202DE9F84397
:107F500004460E4615461F4694F84100202802D0DC
:107F60000220BDE8F8837EB175B100206064212055
:107F700084F84100FDF71AFE8146A584E584A068D7
:107F8000B0F5805F03D004E00120BDE8F8832069EC
:107F900090B135460026E08C4FF02008C8B14B4622
:107FA000002280212046009704F01FFA30B184F8A7
:107FB00041800320BDE8F8830025ECE7B5B12168D6
:107FC000287848606D1CE08C401EE084E08C00281E
:107FD000E5D14B46002240212046009704F005FAE7
:107FE00058B184F841800320BDE8F88330882168C7
:107FF000C0F308004860B61CE5E784F84180002023
:10800000BDE8F88370471CB500206A46FF21115473
:10801000401C0728FBDBFC208DF807006946012087
:10802000FAF754FD32200BF099FA69460220FAF76C
:108030004DFD32200BF092FA69460320FAF746FD17
:1080400032200BF08BFA69460420FAF73FFD32200C
:108050000BF084FA00F0AEFCFE208DF807006946B4
:108060000120FAF733FD32200BF078FA694602203E
:10807000FAF72CFD32200BF071FA69460320FAF76B
:1080800025FD32200BF06AFA69460420FAF71EFD3E
:1080900032200BF063FA1CBDFEE701684A6912F456
:1080A000806F11D06FF480624A6100210163202249
:1080B00080F83D2080F83E10026C42F00402026419
:1080C00080F83C100120704700207047F8B5044646
:1080D0000D4617461E46E06A082808D0012806D03B
:1080E00010F5803F03D0206B122806D00AE02068EC
:1080F000016841F48071016004E02068016841F486
:10810000807101603B4600224FF00111204600962D
:1081100000F07BF948B12068006810F4807F02D03D
:108120004FF4007020640320F8BD2069B0F5804F43
:108130000FD005F44070F02141EAD01021680861A9
:1081400033463A460C49204600F0D4F930B10120BC
:10815000F8BD216805F0FE00086102E02168E8B280
:10816000086133463A460549204600F0C3F908B194
:108170000120F8BD0020F8BD080001000200010048
:108180002DE9F84F0446DDF828A00B9D0F469046D8
:108190001E462068016841F4806101602068016822
:1081A00041F480710160534600224FF001112046D6
:1081B000009500F02AF94FF4007948B12068006872
:1081C00010F4807F01D0C4F840900320BDE8F88F00
:1081D000216807F0FE000861DFF8F4B02B46524634
:1081E0005946204600F086F910B10120BDE8F88F0D
:1081F00020684169806900902A465146204600F077
:1082000032FA50B1206C042804D12068016841F48E
:10821000007101600120BDE8F88F304608F0FF06CC
:1082200001280DD021684FEA182008612A465146DE
:10823000204600F018FA70B1206C042803D007E043
:108240002068066109E02068016841F4007101605E
:108250000120BDE8F88F206806612A465146204675
:1082600000F001FA50B1206C042804D120680168A4
:1082700041F4007101600120BDE8F88F20680168B9
:1082800041F480710160534600224FF001112046F5
:10829000009500F0BAF848B12068006810F4807FBB
:1082A00001D0C4F840900320BDE8F88F2168F8B2EF
:1082B00040F0010008612B4652465946204600F026
:1082C00019F910B10120BDE8F88F0020BDE8F88F42
:1082D000020001002DE9F8430446DDF82090099FD3
:1082E0000D46164698462068016841F48071016089
:1082F0004B4600224FF001112046009700F085F810
:1083000050B12068006810F4807F02D04FF40070F4
:1083100020640320BDE8F883216805F0FE000861B1
:108320003B464A461E49204600F0E4F810B10120C1
:10833000BDE8F88320684169806900903A46494663
:10834000204600F090F950B1206C042804D1206838
:10835000016841F4007101600120BDE8F883F5B2C5
:10836000B8F1010F0CD02168300A08613A4649463D
:10837000204600F078F970B1206C042803D007E0A3
:108380002068056109E02068016841F4007101601E
:108390000120BDE8F883206805610020BDE8F8836E
:1083A0000200010070B504460D461646206840697B
:1083B00010F0040F18D12046FFF76FFE08B101201E
:1083C00070BDB5F1FF3F0AD0FDF7F0FB801BA8425E
:1083D00000D825B92068406910F0040F06D0206845
:1083E000406910F0040FE6D0002070BD002020632B
:1083F000202184F83D1084F83E00216C41F02001DA
:10840000216484F83C00012070BD2DE9F04704464A
:10841000DDF820900D4617461E46C5F30748206834
:10842000B8F1010F13D0806925EA00000004000CA8
:1084300017D00020B8424DD1B6F1FF3F3DD0FDF737
:10844000B5FBA0EB0900B0420DD866B135E040693C
:1084500025EA00000004000C01D00020EAE701201A
:10846000E8E70120E6E7B8F1010F19D0206880693C
:1084700025EA00000004000C1DD00020B8421CD1E9
:1084800000202063202184F83D1084F83E00216CF8
:1084900041F02001216484F83C000120BDE8F08710
:1084A0002068406925EA00000004000C01D000208B
:1084B000E4E70120E2E70120E0E7B8F1010F0CD08A
:1084C0002068806925EA00000004000C10D000201C
:1084D000B842B1D00020BDE8F0872068406925EAA5
:1084E00000000004000C01D00020F1E70120EFE7BC
:1084F0000120EDE72DE9F04704460D461646984663
:10850000C5F307472068012F26D0806925EA0000BF
:108510000004000C59D04FF000094FF0200A2068E9
:10852000406910F4806F1ED02068016841F400712A
:10853000016021686FF480604861C4F8309084F86D
:108540003DA084F83E90206C40F00400206484F844
:108550003C900120BDE8F087406925EA0000000456
:10856000000C32D0D7E7B6F1FF3F25D0FDF71EFB58
:10857000A0EB0800B04200D8F6B9012F15D0206852
:10858000806925EA00000004000C15D0C4F8309082
:1085900084F83DA084F83E90206C40F020002064D8
:1085A00084F83C900120BDE8F0872068406925EA06
:1085B00000000004000CE9D1012F09D02068806977
:1085C00025EA00000004000CA9D10020BDE8F087D6
:1085D0002068406925EA00000004000C9FD1F4E700
:1085E0002DE9F04104460D4616462068406910F01A
:1085F000400F27D100274FF020082068406910F075
:10860000100F0FD020686FF010014161276384F8CC
:108610003D8084F83E70206C206484F83C7001201A
:10862000BDE8F081FDF7C2FA801BA84200D825B949
:108630002068406910F0400F07D02068406910F0B2
:10864000400FDAD00020BDE8F081276384F83D8038
:1086500084F83E70206C40F02000206484F83C7068
:108660000120BDE8F08170B504460D46164620682D
:10867000406910F0800F18D12046FFF70EFD08B1B9
:10868000012070BDB5F1FF3F0AD0FDF78FFA801BC6
:10869000A84200D825B92068406910F0800F06D0A4
:1086A0002068406910F0800FE6D0002070BD0020E7
:1086B0002063202184F83D1084F83E00216C41F0B5
:1086C0002001216484F83C00012070BD30B50346D0
:1086D0000C461088154D00280DD105F10C0090EDC9
:1086E000000A85ED000A90ED010A85ED010A90ED82
:1086F000020A85ED020A0D490C48703908F080FA2B
:1087000095ED000A84ED000A95ED010A84ED010A59
:1087100095ED020A84ED020AB7EE000A83ED000A25
:1087200083ED010A83ED020A30BD0000801E0020A7
:108730000A4891ED000A80ED000AD1ED010AC0ED72
:10874000010A91ED021A80ED021A0C3880ED000A40
:10875000C0ED010A80ED021A704700008C1E002057
:108760000EB5072008F0B8FF02E0642008F0B4FF5F
:10877000FAF78AF80028F8D102E0642008F0ACFF8C
:1087800008F0B4FC0028F8D1804A101DCDE90102A0
:10879000A2F11005291DFAF78FF805F1480A0AF130
:1087A000040008F0E1FC2B46A3F13402A2F10C0115
:1087B000A1F10C00CDF800A008F08AFADFED740AF0
:1087C0009FED740A744A002105F1640001F018F964
:1087D000A5F13402A2F10C0101F11800F9F7C0FD76
:1087E000A5F14008A5F1580698ED000AA5F1640727
:1087F00086ED000AA5F1700987ED000A89ED000AEF
:1088000098ED010A86ED010A87ED010A89ED010A5A
:1088100098ED020A86ED020A87ED020A89ED020A46
:10882000002008F095FF0BF0A3FB5C4C20615C4935
:108830001020C8610846FEF75FFB08B1FBF71EFB7E
:10884000564908222031A1F1080002F0C5FD01209F
:1088500020714FF0FF3B594601200AF05BFC0128D4
:10886000F9D12078000708D5207820F00800207082
:108870004A4801992130F9F7D7FF607840070AD5B7
:10888000607820F004006070404A291D1032A2F187
:108890002A00F9F77FFFA07840070CD5A07820F0D8
:1088A0000400A0703D4802991630FAF7E1F895ED02
:1088B000040A08F01BFB354BCDF800A0103BA3F1D8
:1088C0003402A2F10C01A1F10C0008F001FA97EDBD
:1088D000000A89ED000AD6ED000AC7ED000A9FEDF7
:1088E000311ADFED311A9FED312A60EE810A40EE38
:1088F000210A98ED000A40EE020AC6ED000A97ED43
:10890000010A89ED010AD6ED010AC7ED010A60EE00
:10891000810A40EE210A98ED010A40EE020AC6EDF6
:10892000010A97ED020A89ED020AD6ED020AC7EDA7
:10893000020A60EE810A40EE210A98ED020A40EE3A
:10894000020AC6ED020A114B9FED190A443BA3F13E
:10895000240202F10C0101F12400F9F75BFE0B4B3C
:10896000203B1A1F111FA1F1100007F055FFE078FE
:1089700010F00100E0703FF46EAFE07820F00100ED
:10898000E070E07840F00200E07064E76C1E0020C8
:108990000080894500A08C4570600108B800002067
:1089A000401000205AF8F63F5D896EBFD5A9183BEC
:1089B0006F12833A10B52DED028B174C9FED178A7D
:1089C000DFED178A22E0B0EE480A0120FAF792F8AC
:1089D00002200AF0C3FDB0EE680A0220FAF78AF816
:1089E00002200AF0BBFDB0EE680A0320FAF782F815
:1089F00002200AF0B3FDB0EE480A0420FAF77AF834
:108A000002200AF0ABFDE06A401CE062E06AC82880
:108A1000D9DBBDEC028B10BD40000020CDCC4C3F1B
:108A2000CDCC4CBF2DE9F041234B4FF0000C83F827
:108A300000C0DFF888801F1D83F801C01E7806EB98
:108A4000860508EBC5045A7802EB4501C9B2997056
:108A500001EB410107EBC10190ED270A91ED001AEE
:108A6000D1ED010AD1ED021A91ED032A00EE801A30
:108A7000D0ED290A01EEA01A60EE001A20EE200ABD
:108A800002EE211AD1ED041A01EE801A20EEA00A9E
:108A9000D1ED050A04EB820100EE801A81ED001A87
:108AA000521CD1B259700A29CDD3761CF1B219707B
:108AB0000429C1D3BDE8F081D4020020DC320020BB
:108AC0007FB5002400940194029403941348124942
:108AD00001604FF48031416084600461047680F865
:108AE0002040C4620E498162C4600125C56180F8DE
:108AF00030404561FBF725FD08B1FBF7BFF91020B9
:108B000000900195029469460448FBF75DFC00283B
:108B100001D0FBF7B3F97FBD00200140440E0020D7
:108B20000100000F7FB50024009401940294039487
:108B30001348124901604FF4803141608460046140
:108B4000047680F82040C4620E498162C460012529
:108B5000C56180F830404561FBF7F3FC08B1FBF7D5
:108B60008DF9082000900195029469460448FBF7AE
:108B70002BFC002801D0FBF781F97FBD00220140CA
:108B80008C0E00200100000F10B50F480D49016048
:108B90000321416000218160C1604FF41022026115
:108BA0004FF400124261017641768176C1760177F9
:108BB0004177FCF71AF9002803D0BDE81040FBF715
:108BC0005DB910BD00640040D40E002010B50F4800
:108BD0000D4901600321416000218160C1604FF4B3
:108BE000102202614FF400124261017641768176D3
:108BF000C17601774177FCF7F8F8002803D0BDE88B
:108C00001040FBF73BB910BD00680040FC0E00208F
:108C100008B52148016841F480010160016801F450
:108C200080010091016841F400110160006800F4C6
:108C300000100090002205210C20FDF771FC0C2093
:108C4000FDF760FC002205213920FDF769FC392081
:108C5000FDF758FC002205213A20FDF761FC3A207F
:108C6000FDF750FC002205213B20FDF759FC3B207D
:108C7000FDF748FC002205214520FDF751FC452069
:108C8000FDF740FC002205214620FDF749FCBDE828
:108C900008404620FDF736BC3038024010B5CEB053
:108CA0001C223C4947A8F7F741FD002147A808F0DE
:108CB00020FD394CA0621C2236491C3140A8F7F730
:108CC00035FD002140A808F014FD20601C22314928
:108CD000383139A8F7F72AFD002139A808F009FD35
:108CE000E0601C222B49543132A8F7F71FFD002108
:108CF00032A808F0FEFC60601C22264970312BA8C7
:108D0000F7F714FD00212BA808F0F3FCA0601C224B
:108D100020498C3124A8F7F709FD002124A808F088
:108D2000E8FC20611C221B49A8311DA8F7F7FEFCB6
:108D300000211DA808F0DDFC60611C221549C4312A
:108D400016A8F7F7F3FC002116A808F0D2FCA061E2
:108D50001C221049E0310FA8F7F7E8FC00210FA80A
:108D600008F0C7FCE0611C220A49FC3108A8F7F7AB
:108D7000DDFC002108A808F0BCFC20621C22074989
:108D800001A8F7F7D3FC002101A808F0B2FC60624B
:108D90004EB010BD0C5F01080000002024600108E7
:108DA0002DE9F04186B0142101A8F7F71BFD4E48CC
:108DB000016841F002010160016801F002010091C7
:108DC000016841F040010160016801F0400100913B
:108DD000016841F001010160016801F001010091A9
:108DE000016841F008010160016801F0080100918B
:108DF000016841F004010160016801F00401009183
:108E0000016841F020010160016801F0200100913A
:108E1000016841F080010160006800F0800000906E
:108E2000324E012240213046FCF7B8FE304F01227D
:108E300010213846FCF7B2FEDFF8B8800122114657
:108E40004046FCF7ABFE40200190012402940394BD
:108E5000049401A93046FCF78BFD092001904FF4E2
:108E600004150295039401A93046FCF781FD1020FA
:108E70000190029403940226049601A93846FCF757
:108E800077FD302001900295039401A91A48FCF760
:108E90006FFD019402940394049601A94046FCF7E7
:108EA00067FD062100220846FDF73AFB0620FDF784
:108EB00029FB002205210920FDF732FB0920FDF7DF
:108EC00021FB002205210A20FDF72AFB0A20FDF7DD
:108ED00019FB002205211720FDF722FB1720FDF7C3
:108EE00011FB06B0BDE8F0813038024000180240A6
:108EF00000000240000402400008024010B50D4886
:108F00000B4901600C49416000218160C1604FF450
:108F10008042026141618161C1610162FCF74CFEE6
:108F2000002803D0BDE81040FAF7A8BF10BD00002C
:108F300000540040240F0020801A060010B50D4890
:108F40000B4901600C49416000218160C1604FF410
:108F50008042026141618161C1610162FCF72CFEC6
:108F6000002803D0BDE81040FAF788BF10BD00000C
:108F700000580040780F0020801A060010B50D48F8
:108F80000B4901600C49416000218160C1604FF4D0
:108F90008042026141618161C1610162FCF70CFEA6
:108FA000002803D0BDE81040FAF768BF10BD0000EC
:108FB000005C0040CC0F0020801A060010B50C4861
:108FC0000A490160002141607C22826040F67F42B4
:108FD000C260016141618161FDF703FF002803D098
:108FE000BDE81040FAF74ABF10BD0000002800405D
:108FF0002010002010B510480E4901604FF4827116
:10900000416000218160C16002220261012242614F
:10901000520282613822C2610162416281620A2188
:10902000C162FDF769FF002803D0BDE81040FAF7E0
:1090300025BF10BD003001404010002010B588B0A1
:109040001C2101A8F7F7CEFB144813490160002446
:109050004460846041F28731C16004618461FEF73D
:10906000A0F908B1FAF70AFF0C48FEF7EDFB08B1CA
:10907000FAF704FF60200190029403940594002203
:1090800001A90648FEF774FB08B1FAF7F7FE03489A
:10909000FEF7C8FA08B010BD00440140C01200201D
:1090A00010B586B0002402940394049405940094AF
:1090B0000194144812490160446084604FF6FF71C6
:1090C000C160046144618461FEF76BF908B1FAF78D
:1090D000D5FE4FF48050029002A90A48FEF72CFA00
:1090E00008B1FAF7CBFE0094019469460548FEF7F3
:1090F0000BF9002801D0FAF7C1FE06B010BD000040
:10910000000001405811002010B58EB000240A94D0
:109110000B940C940D94089409941C2101A8F7F762
:1091200061FB1E481C4901604460846042F2CF012B
:10913000C16004618461FEF734F908B1FAF79EFE5C
:109140004FF480500A900AA91448FEF7F5F908B1C7
:10915000FAF794FE1148FEF777FB08B1FAF78EFE96
:109160000894099408A90D48FEF7CEF808B1FAF75B
:1091700085FE60200190029403940594082201A9C1
:109180000648FEF7F5FA08B1FAF778FE0348FEF74D
:1091900049FA0EB010BD000000040040A0110020EC
:1091A00010B58EB000240A940B940C940D9408947E
:1091B00009941C2101A8F7F715FB1E481C49016002
:1091C000A721416084604FF6FF71C1600461846132
:1091D000FEF7E7F808B1FAF751FE4FF480500A9015
:1091E0000AA91448FEF7A8F908B1FAF747FE114892
:1091F000FEF72AFB08B1FAF741FE0894099408A982
:109200000C48FEF781F808B1FAF738FE60200190AB
:10921000029403940594082201A90648FEF7A8FACF
:1092200008B1FAF72BFE0348FEF7FCF90EB010BDAB
:1092300000080040E811002010B58EB000240A9408
:109240000B940C940D94089409941C2101A8F7F731
:10925000C9FA264824490160446084604FF6FF71D2
:10926000C16004618461FEF79CF808B1FAF706FE5C
:109270004FF480500A900AA91C48FEF75DF908B126
:10928000FAF7FCFD1948FEF7DFFA08B1FAF7F6FD28
:109290000894099408A91548FEF736F808B1FAF7BA
:1092A000EDFD60200190029403940594002201A931
:1092B0000E48FEF75DFA08B1FAF7E0FD042201A9B5
:1092C0000A48FEF755FA08B1FAF7D8FD082201A9B5
:1092D0000648FEF74DFA08B1FAF7D0FD0348FEF74D
:1092E000A1F90EB010BD0000000C004030120020AB
:1092F00010B586B00024029403940494059400945D
:109300000194144812490160A7214160846044F629
:109310001F61C160046144618461FEF742F808B1D5
:10932000FAF7ACFD4FF48050029002A90948FEF70D
:1093300003F908B1FAF7A2FD0094019469460548C3
:10934000FDF7E2FF002801D0FAF798FD06B010BD46
:10935000000401407812002010B50C480A49016051
:109360004FF4E131416000218160C16001610C2254
:1093700042618161C161FEF73BFC002803D0BDE87A
:109380001040FAF77BBD10BD00100140081300200B
:1093900010B50D480B4901600C4941600021816006
:1093A000C1604FF4806202610C2242618161C1613F
:1093B000FEF71EFC002803D0BDE81040FAF75EBDA2
:1093C00010BD00000048004050130020A08601009E
:1093D00010B50C480A4901604FF4E13141600021A9
:1093E0008160C16001610C2242618161C161FEF74F
:1093F000FFFB002803D0BDE81040FAF73FBD10BDC9
:109400000014014098130020FEE7000070B50446E8
:109410002DED028B04F5806594F814079FED288AE2
:10942000012801D085EDCD8A94F8E406012801D009
:1094300085EDC18A94F84406012826D0B0EE480A8A
:109440000120F9F757FB94F89406012823D0B0EED9
:10945000480A0320F9F74EFB01200AF07FF894F840
:109460006C0601281DD0B0EE480A0220F9F742FB35
:1094700094F8BC0601281AD0B0EE480ABDEC028B65
:109480000420BDE87040F9F735BB95ED960A012040
:10949000F9F730FBD7E795EDAA0A0320F9F72AFB85
:1094A000DAE795EDA00A0220F9F724FBE0E795ED55
:1094B000B40A0420BDEC028BBDE87040F9F71ABB7A
:1094C0000000000010B52DED028B01209FED128AE7
:1094D000B0EE480AF9F70EFB01200AF03FF8B0EEB3
:1094E000480A0220F9F706FB01200AF037F8B0EE2F
:1094F000480A0320F9F7FEFA01200AF02FF8B0EE2F
:10950000480A0420F9F7F6FABDEC028B0120BDE809
:1095100010400AF023B8000000000000704700006F
:1095200010B54FF4806204490448F7F7BAF8BDE873
:10953000104000F0EFB800002A610108DB2E002087
:109540007821014805F038BF0058004030B57F2829
:1095500011D83F290FD8CD080B4C012301F007018A
:1095600004EBC5148B402044012A05D0022A07D001
:1095700041789943417030BD41781943417030BD05
:1095800041785940417030BDDA2E002010B50021DD
:10959000AE2008F08DF80021402008F089F8002165
:1095A000812008F085F80021FF2008F081F80021D3
:1095B000A42008F07DF80021A62008F079F8002109
:1095C000202008F075F80021084608F071F8002105
:1095D000212008F06DF80021084608F069F8002104
:1095E0007F2008F065F80021222008F061F80021B2
:1095F000084608F05DF80021072008F059F800211E
:109600003F2008F055F80021C82008F051F800214B
:10961000A12008F04DF80021A82008F049F8002109
:10962000084608F045F80021D32008F041F8002151
:10963000084608F03DF80021D52008F039F800214F
:10964000F02008F035F80021D92008F031F8002189
:10965000222008F02DF80021DA2008F029F8002156
:10966000122008F025F80021DB2008F021F8002165
:10967000202008F01DF800218D2008F019F80021A5
:10968000142008F015F80021BDE81040AF2008F0C4
:109690000FB80000F0B500230F4F0021FF25002672
:1096A00007EBC312012810D090B1541894F801C0F0
:1096B000CCF1FF0C84F801C0491CC9B28029F1D358
:1096C0005B1CDBB2082BE8D3F0BD54186570F3E7E0
:1096D00054186670F0E70000DA2E00200FB470B561
:1096E00005460E46094C07AA226009480699F6F776
:1096F00083FF82B20023236005488354024631462B
:10970000284600F0B6F870BC5DF814FBCC020020CF
:10971000C42E002008B50021084600F013F80749C0
:10972000402008704FF47A700A46009040F20143DE
:1097300078210348FCF716FB08BD0000DA2E002054
:10974000780F002070B500F07F0401F007050021BC
:10975000212007F0ADFF0021204607F0A9FF0021DE
:109760007F2007F0A5FF0021222007F0A1FF0021A4
:10977000284607F09DFFBDE870400021072007F054
:1097800097BF00002DE9F04781460C46A046203ADD
:10979000D0B20027164900EB400001EB800A1AF80E
:1097A00007600025300605D5012221464846FFF70F
:1097B000CDFE04E0002221464846FFF7C7FE7006B2
:1097C000060E641CE4B2A4EB08000C2809D06D1C42
:1097D000EDB2082DE6D37F1CFFB20C2FDFD3BDE81E
:1097E000F087444609F1010909F0FF09F3E7000099
:1097F0002A6501082DE9F74F8B4617464FF0000AFE
:10980000D14631E0002428E0786810F80A600AF1B7
:10981000010A1FFA8AFA0025009800EB09083006B1
:1098200008D50BEB0400C1B208F0FF000122FFF7DE
:109830008DFE07E00BEB0400C1B208F0FF00002230
:10984000FFF784FE7006060E641CE4B27888A0421E
:1098500003D06D1CEDB2082DE1D37888A042D3D897
:1098600009F1010909F0FF0938884845CAD8BDE85F
:10987000FE8FF0B504460E46174600250CE0314633
:109880002046FFF77FFFA41DE4B27A2C02D9002402
:109890000C36F6B26D1CEDB27A5D002AEFD1F0BD48
:1098A000002814D0D0ED101AC0ED111A90ED0F1A47
:1098B00080ED101AC0ED060A80ED070A30EEC00AEE
:1098C00080ED0F0A017829B1012952D092E09FED75
:1098D0004B0A7047D0ED010A60EE801AC0ED091AFC
:1098E000D0ED0A0A90ED022A42EE000AC0ED0A0A03
:1098F00090ED0D2A80ED0E2A90ED0C2A80ED0D2AB8
:1099000030EE410A80ED0C0A90ED031A21EE001AA8
:1099100080ED0B1A90ED050AF4EEC00AF1EE10FA94
:1099200002DD80ED0A0A08E0B1EE400AF4EEC00A5A
:10993000F1EE10FA01D280ED0A0A90ED0A0A31EE3A
:10994000800A30EE010A80ED080AD0ED040AB4EE78
:10995000E00AF1EE10FA02DDC0ED080A4AE0F1EE8D
:10996000600AB4EEE00AF1EE10FA43D2C0ED080A44
:1099700040E070EE410A90ED012A60EE820AC0EDEF
:10998000090A90ED022A22EE002A80ED0A2AD0ED83
:109990000D2AC0ED0E2AD0ED0C2AC0ED0D2AF0EEF6
:1099A000002A01EE620A30EE210A80ED0C0A90EDE9
:1099B000031A21EE000A80ED0B0A70EE820A30EEE7
:1099C000800AD0ED080A30EE200A80ED080AD0EDBA
:1099D000040AB4EEE00AF1EE10FA02DDC0ED080A66
:1099E00008E0F1EE600AB4EEE00AF1EE10FA01D2FE
:1099F000C0ED080A90ED080A704700000000000062
:109A0000002828D0002A26D0017092ED001A80ED9F
:109A1000011A92ED011A80ED021A92ED021A80ED00
:109A2000031A80ED040AC0ED050A9FED0B0A80EDD4
:109A30000E0A80ED0D0A80ED0C0A80ED080A80ED1B
:109A40000B0A80ED0A0A80ED090A80ED110A80ED0B
:109A5000100A80ED0F0A70470000000030B5174C67
:109A600023685D6945F040055D612368DC6844F06A
:109A70001004DC60124C23681D6825F001051D6090
:109A800003E01D6825F001051D6023681D68ED07D2
:109A9000F7D125680B4BAB602368D8602068016163
:109AA000206842602068016841F4802101602068DC
:109AB000016841F00101016030BD00005013002039
:109AC000401400200448004010B50C4B1968CA68C7
:109AD00022F40052CA600A4A11680C6824F001049A
:109AE0000C60116848601068016841F00101016074
:109AF0001868C16841F40051C16010BD50130020C6
:109B00004014002003480068C16821F40051C1607E
:109B100070470000501300202DE9F0410446002555
:109B20002068C16811F0400F17D1C16841F0800171
:109B3000C160FCF73BF80646042707E0FCF736F85F
:109B4000801BB0F57A7F01D9677701252068C0684E
:109B500010F0400F01D1012DF0D12846BDE8F08171
:109B600070B5044600252068C16821F08001C160FD
:109B70002068806810F0200F06D12046FDF79EF97E
:109B800010B1042060770125284670BD2DE9F74FFC
:109B900082B0F7490868026822F001020260F54AC3
:109BA0001068036823F00103036003E0016821F0FB
:109BB00001010160EE4800680168C907F6D103E0C1
:109BC000016821F001010160EA4800680168C907E5
:109BD000F6D1E948E94AEA4BC06C0190E74CE84D00
:109BE000E64EE74F0068DFF894B3DFF890C3E4492E
:109BF000483A603318341835303E78374FF40068EF
:109C00000CF1300C58454CD9884201D1202041E05C
:109C1000904201D120203DE0984201D1202039E03E
:109C2000A04201D1202035E0A84201D1404631E0D8
:109C3000B04201D140462DE0B84201D1404629E072
:109C4000604501D1404625E0DFF8349309F1300941
:109C5000484502D14FF400101CE0DFF82093A9F131
:109C60001809484502D14FF4001013E0DFF81093B3
:109C700009F19009484502D14FF400100AE0DFF8DD
:109C8000FC9209F14809484502D14FF4001001E067
:109C90004FF00060DFF8E492A9F14C09C9F8000028
:109CA000F1E0DFF8DC9209F1A80948454CD9884277
:109CB00001D1202041E0904201D120203DE0984296
:109CC00001D1202039E0A04201D1202035E0A84276
:109CD00001D1404631E0B04201D140462DE0B842CA
:109CE00001D1404629E0604501D1404625E0DFF83A
:109CF000909209F13009484502D14FF400101CE060
:109D0000DFF87892A9F11809484502D14FF4001004
:109D100013E0DFF86C9209F19009484502D14FF445
:109D200000100AE0DFF8549209F14809484502D1D1
:109D30004FF4001001E04FF00060DFF84092A9F10D
:109D40005009C9F800009EE0DFF8349209F1480993
:109D500048454CD9884201D1202041E0904201D1B0
:109D600020203DE0984201D1202039E0A04201D1DD
:109D7000202035E0A84201D1404631E0B04201D177
:109D800040462DE0B84201D1404629E0604501D16E
:109D9000404625E0DFF8E89109F13009484502D155
:109DA0004FF400101CE0DFF8D491A9F118094845E0
:109DB00002D14FF4001013E0DFF8C49109F19009CB
:109DC000484502D14FF400100AE0DFF8B09109F1E4
:109DD0004809484502D14FF4001001E04FF00060FF
:109DE000DFF89C91A9F11009C9F80C004BE08842FA
:109DF00001D1202041E0904201D120203DE0984255
:109E000001D1202039E0A04201D1202035E0A84234
:109E100001D1404631E0B04201D140462DE0B84288
:109E200001D1404629E0604501D1404625E0DFF8F8
:109E3000509109F13009484502D14FF400101CE05F
:109E4000DFF83891A9F11809484502D14FF4001004
:109E500013E0DFF82C9109F19009484502D14FF445
:109E600000100AE0DFF8149109F14809484502D1D1
:109E70004FF4001001E04FF00060DFF80491A9F109
:109E80001009C9F8080001984FF480690068584526
:109E90004CD9884201D1102041E0904201D11020DC
:109EA0003DE0984201D1102039E0A04201D11020BC
:109EB00035E0A84201D1484631E0B04201D14846E0
:109EC0002DE0B84201D1484629E0604501D148461D
:109ED00025E0DFF8ACE00EF1300E704502D14FF412
:109EE00080101CE0DFF894E0AEF1180E704502D14E
:109EF0004FF4801013E0DFF888E00EF1900E70450B
:109F000002D14FF480100AE0DFF870E00EF1480E45
:109F1000704502D14FF4801001E04FF08060DFF80F
:109F20005CE0AEF14C0ECEF80000EFE0DFF850E060
:109F30000EF1A80E704552D9884201D1102047E099
:109F4000904201D1102043E0984201D110203FE01F
:109F5000A04201D110203BE0A84201D1484637E0A1
:109F6000B04201D1484633E0B8420BD148462FE019
:109F700098100020F8100020401000205864024083
:109F800010600240604501D1484621E0DFF8A4ECB2
:109F9000704502D14FF480101AE0DFF89CEC704558
:109FA00002D14FF4801013E0DFF888EC0EF1600E60
:109FB000704502D14FF480100AE0DFF87CEC0EF11E
:109FC000600E704502D14FF4801001E04FF08060C8
:109FD000DFF864ECAEF1380ECEF8000096E0DFF862
:109FE00054EC0EF1180E704548D9884201D110206A
:109FF0003DE0904201D1102039E0984201D110207B
:10A0000035E0A04201D1102031E0A84201D14846FC
:10A010002DE0B04201D1484629E0B84201D148467E
:10A0200025E0604501D1484621E0DFF808EC7045A5
:10A0300002D14FF480101AE0DFF8FCEB704502D13A
:10A040004FF4801013E0DFF8ECEB0EF1600E70457A
:10A0500002D14FF480100AE0DFF8DCEB0EF1600E65
:10A06000704502D14FF4801001E04FF08060DFF8BE
:10A07000C4EBAEF1400ECEF80C0047E0884201D1AF
:10A0800010203DE0904201D1102039E0984201D1EA
:10A09000102035E0A04201D1102031E0A84201D1CA
:10A0A00048462DE0B04201D1484629E0B84201D1EE
:10A0B000484625E0604501D1484621E0DFF874EBD1
:10A0C000704502D14FF480101AE0DFF86CEB704558
:10A0D00002D14FF4801013E0DFF858EB0EF1600E60
:10A0E000704502D14FF480100AE0DFF84CEB0EF11E
:10A0F000600E704502D14FF4801001E04FF0806097
:10A10000DFF830EBAEF1400ECEF8080001984FF4C6
:10A11000007A0068584548D9884201D108203DE0BE
:10A12000904201D1082039E0984201D1082035E061
:10A13000A04201D1082031E0A84201D150462DE0D3
:10A14000B04201D1504629E0B84201D1504625E045
:10A15000604501D1504621E0DFF8D8EA704502D1D0
:10A160004FF400201AE0DFF8D0EA704502D14FF436
:10A17000002013E0DFF8BCEA0EF1600E704502D15A
:10A180004FF400200AE0DFF8B0EA0EF1600E7045EF
:10A1900002D14FF4002001E04FF00070DFF898EAA0
:10A1A000AEF1340ECEF80000E5E0DFF888EA0EF1FB
:10A1B000780E704548D9884201D108203DE0904290
:10A1C00001D1082039E0984201D1082035E0A042B1
:10A1D00001D1082031E0A84201D150462DE0B04223
:10A1E00001D1504629E0B84201D1504625E06045F2
:10A1F00001D1504621E0DFF83CEA704502D14FF42E
:10A2000000201AE0DFF830EA704502D14FF4002058
:10A2100013E0DFF820EA0EF1600E704502D14FF432
:10A2200000200AE0DFF810EA0EF1600E704502D15E
:10A230004FF4002001E04FF00070DFF8FCE9AEF1D0
:10A24000380ECEF8000096E0DFF8E8E90EF1180EBF
:10A25000704548D9884201D108203DE0904201D1A3
:10A26000082039E0984201D1082035E0A04201D110
:10A27000082031E0A84201D150462DE0B04201D182
:10A28000504629E0B84201D1504625E0604501D151
:10A29000504621E0DFF89CE9704502D14FF40020E0
:10A2A0001AE0DFF894E9704502D14FF4002013E082
:10A2B000DFF880E90EF1600E704502D14FF4002006
:10A2C0000AE0DFF874E90EF1600E704502D14FF438
:10A2D000002001E04FF00070DFF858E9AEF1400EC9
:10A2E000CEF80C0047E0884201D108203DE09042C2
:10A2F00001D1082039E0984201D1082035E0A04280
:10A3000001D1082031E0A84201D150462DE0B042F1
:10A3100001D1504629E0B84201D1504625E06045C0
:10A3200001D1504621E0DFF80CE9704502D14FF42D
:10A3300000201AE0DFF800E9704502D14FF4002058
:10A3400013E0DFF8F0E80EF1600E704502D14FF433
:10A3500000200AE0DFF8E0E80EF1600E704502D15F
:10A360004FF4002001E04FF00070DFF8C8E8AEF1D4
:10A37000400ECEF808000198DFF8BCE84FF4802BBF
:10A3800000680EF1180E704548D9884201D10420AA
:10A390003DE0904201D1042039E0984201D10420EF
:10A3A00035E0A04201D1042031E0A84202D14FF4AF
:10A3B00080702CE0B04202D14FF4807027E0B842A8
:10A3C00002D14FF4807022E0604502D14FF48070DA
:10A3D0001DE0DFF860E8704501D1584617E0DFF86E
:10A3E00058E8704501D1584611E0DFF848E80EF111
:10A3F000600E704501D1584609E0DFF83CE80EF1E7
:10A40000600E704501D1584601E04FF08070DFF8D2
:10A4100028E8AEF1340ECEF80000E5E0DFF814E8ED
:10A420000EF1780E704548D9884201D104203DE0F4
:10A43000904201D1042039E0984201D1042035E056
:10A44000A04201D1042031E0A84202D14FF4807033
:10A450002CE0B04202D14FF4807027E0B84202D124
:10A460004FF4807022E0604502D14FF480701DE00F
:10A47000DFF8C0E7704501D1584617E0DFF8B8E7CC
:10A48000704501D1584611E0DFF8A8E70EF1600EE3
:10A49000704501D1584609E0DFF89CE70EF1600EE7
:10A4A000704501D1584601E04FF08070DFF888E731
:10A4B000AEF1380ECEF8000096E0DFF878E70EF146
:10A4C000180E704548D9884201D104203DE09042E1
:10A4D00001D1042039E0984201D1042035E0A042A6
:10A4E00001D1042031E0A84202D14FF480702CE069
:10A4F000B04202D14FF4807027E0B84202D14FF44D
:10A50000807022E0604502D14FF480701DE0DFF8DA
:10A5100024E7704501D1584617E0DFF81CE7704585
:10A5200001D1584611E0DFF80CE70EF1600E7045DE
:10A5300001D1584609E0DFF800E70EF1600E7045E2
:10A5400001D1584601E04FF08070DFF8E8E6AEF147
:10A55000400ECEF80C0047E0884201D104203DE0D7
:10A56000904201D1042039E0984201D1042035E025
:10A57000A04201D1042031E0A84202D14FF4807002
:10A580002CE0B04202D14FF4807027E0B84202D1F3
:10A590004FF4807022E0604502D14FF480701DE0DE
:10A5A000DFF890E6704501D1584617E0DFF888E6FD
:10A5B000704501D1584611E0DFF878E60EF1600EE3
:10A5C000704501D1584609E0DFF86CE60EF1600EE7
:10A5D000704501D1584601E04FF08070DFF854E635
:10A5E000AEF1400ECEF808000198DFF84CE60068A6
:10A5F0000EF1180E704548D9884201D101203DE086
:10A60000904201D1012039E0984201D1012035E08A
:10A61000A04201D1012031E0A84201D140202DE02B
:10A62000B04201D1402029E0B84201D1402025E0CC
:10A63000604501D1402021E0DFF8F8E5704502D106
:10A640004FF480301AE0DFF8F0E5704502D14FF4A6
:10A65000803013E0DFF8DCE50EF1600E704502D1CA
:10A660004FF480300AE0DFF8D0E50EF1600E70455F
:10A6700002D14FF4803001E04FF48000DFF8B8E5FC
:10A68000AEF1340ECEF80000E5E0DFF8A8E50EF1FB
:10A69000780E704548D9884201D101203DE09042B2
:10A6A00001D1012039E0984201D1012035E0A042DA
:10A6B00001D1012031E0A84201D140202DE0B0427B
:10A6C00001D1402029E0B84201D1402025E0604579
:10A6D00001D1402021E0DFF85CE5704502D14FF464
:10A6E00080301AE0DFF850E5704502D14FF4803039
:10A6F00013E0DFF840E50EF1600E704502D14FF433
:10A7000080300AE0DFF830E50EF1600E704502D1CE
:10A710004FF4803001E04FF48000DFF81CE5AEF12B
:10A72000380ECEF8000096E0DFF808E50EF1180EBE
:10A73000704548D9884201D101203DE0904201D1C5
:10A74000012039E0984201D1012035E0A04201D139
:10A75000012031E0A84201D140202DE0B04201D1DA
:10A76000402029E0B84201D1402025E0604501D1D8
:10A77000402021E0DFF8BCE4704502D14FF4803086
:10A780001AE0DFF8B4E4704502D14FF4803013E0F2
:10A79000DFF8A0E40EF1600E704502D14FF4803076
:10A7A0000AE0DFF894E40EF1600E704502D14FF438
:10A7B000803001E04FF48000DFF878E4AEF1400E25
:10A7C000CEF80C0047E0884201D101203DE09042E4
:10A7D00001D1012039E0984201D1012035E0A042A9
:10A7E00001D1012031E0A84201D140202DE0B0424A
:10A7F00001D1402029E0B84201D1402025E0604548
:10A8000001D1402021E0DFF82CE4704502D14FF463
:10A8100080301AE0DFF820E4704502D14FF4803038
:10A8200013E0DFF810E40EF1600E704502D14FF432
:10A8300080300AE0DFF800E40EF1600E704502D1CE
:10A840004FF4803001E04FF48000DFF8E8E3AEF130
:10A85000400ECEF80800F948DFF8DCE3806C009089
:10A860000EF1180E0068704542D9884202D14FF0AF
:10A87000200838E0904202D14FF0200833E098429F
:10A8800002D14FF020082EE0A04202D14FF0200864
:10A8900029E0A84227D0B04225D0B84223D0604555
:10A8A00021D0DFF89083404502D14FF400181AE020
:10A8B000DFF88483404502D14FF4001813E0DFF83D
:10A8C000748308F16008404502D14FF400180AE093
:10A8D000DFF8648308F16008404502D14FF40018A6
:10A8E00001E04FF00068D4483438C0F80080D3E06D
:10A8F000DFF840E30EF1780E704542D9884202D16C
:10A900004FF0200838E0904202D14FF0200833E0A9
:10A91000984202D14FF020082EE0A04202D14FF021
:10A92000200829E0A84227D0B04225D0B84223D041
:10A93000604521D0DFF8FC82404502D14FF4001879
:10A940001AE0DFF8F482404502D14FF4001813E01A
:10A95000DFF8E08208F16008404502D14FF40018AA
:10A960000AE0DFF8D48208F16008404502D14FF4D4
:10A97000001801E04FF00068AF483838C0F8008098
:10A980008AE0DFF8B0E20EF1180E704542D9884235
:10A9900002D14FF0200838E0904202D14FF0200859
:10A9A00033E0984202D14FF020082EE0A04202D1BD
:10A9B0004FF0200829E0A84227D0B04225D0B84265
:10A9C00023D0604521D0DFF86C82404502D14FF49E
:10A9D00000181AE0DFF86082404502D14FF40018F9
:10A9E00013E0DFF8508208F16008404502D14FF4CF
:10A9F00000180AE0DFF8408208F16008404502D103
:10AA00004FF4001801E04FF000688A484038C0F861
:10AA10000C8041E0884202D14FF0200838E090429B
:10AA200002D14FF0200833E0984202D14FF02008C5
:10AA30002EE0A04202D14FF0200829E0A84227D002
:10AA4000B04225D0B84223D0604521D0DFF8E48160
:10AA5000404502D14FF400181AE0DFF8DC81404590
:10AA600002D14FF4001813E0DFF8C88108F1600844
:10AA7000404502D14FF400180AE0DFF8BC8108F12C
:10AA80006008404502D14FF4001801E04FF0006823
:10AA900068484038C0F808800098DFF89C8100685A
:10AAA00008F11808404542D9884202D14FF01009F8
:10AAB00038E0904202D14FF0100933E0984202D1C1
:10AAC0004FF010092EE0A04202D14FF0100929E00A
:10AAD000A84227D0B04225D0B84223D0604521D02B
:10AAE000DFF85091484502D14FF480191AE0DFF8A1
:10AAF0004891484502D14FF4801913E0DFF83491B2
:10AB000009F16009484502D14FF480190AE0DFF8E5
:10AB1000289109F16009484502D14FF4801901E0FC
:10AB20004FF0806944483438C0F80090D8E0DFF82E
:10AB300004E10EF1780E704542D9884202D14FF0FF
:10AB4000100938E0904202D14FF0100933E09842EA
:10AB500002D14FF010092EE0A04202D14FF01009AF
:10AB600029E0A84227D0B04225D0B84223D0604582
:10AB700021D0DFF8C090484502D14FF480191AE087
:10AB8000DFF8B490484502D14FF4801913E0DFF8A4
:10AB9000A49009F16009484502D14FF480190AE0F8
:10ABA000DFF8949009F16009484502D14FF480190B
:10ABB00001E04FF0806920483838C0F800908FE0FD
:10ABC000DFF870E00EF1180E704546D9884202D1C8
:10ABD0004FF010093DE0904202D14FF0100938E0EB
:10ABE000984202D14FF0100933E0A04202D14FF059
:10ABF00010092EE0A8422CD0B0422AD0B84228D06A
:10AC0000604526D0DFF82C90484502D14FF48019DA
:10AC10001FE0DFF82490484502D14FF4801918E076
:10AC2000DFF8109009F16009484509D14FF4801907
:10AC30000FE00000406002404064024040100020ED
:10AC4000DFF80494484502D14FF4801901E04FF039
:10AC50008069FE48C0F80C9042E0884202D14FF073
:10AC600010093AE0904202D14FF0100935E09842C5
:10AC700002D14FF0100930E0A04202D14FF010098C
:10AC80002BE0A84229D0B04227D0B84225D0604559
:10AC900023D0DFF8B89309F14009484502D14FF4B9
:10ACA00080191AE0DFF8A093A9F16009484502D1A4
:10ACB0004FF4801911E0DFF8949309F1A009484599
:10ACC00002D14FF4801908E0DFF87C93484502D1A7
:10ACD0004FF4801901E04FF08069DC48C0F808901B
:10ACE00000980068404544D9884202D14FF0080AD4
:10ACF0003AE0904202D14FF0080A35E0984202D182
:10AD00004FF0080A30E0A04202D14FF0080A2BE0D1
:10AD1000A84229D0B04227D0B84225D0604523D0E0
:10AD2000DFF8289309F14009484502D14FF4002A81
:10AD30001AE0DFF81493A9F16009484502D14FF4F5
:10AD4000002A11E0DFF8049309F1A009484502D177
:10AD50004FF4002A08E0DFF8F092484502D14FF4A2
:10AD6000002A01E04FF0007AB7489438C0F800A0FC
:10AD7000D7E0DFF8D89209F1B809484544D98842AC
:10AD800002D14FF0080A3AE0904202D14FF0080A8F
:10AD900035E0984202D14FF0080A30E0A04202D1DB
:10ADA0004FF0080A2BE0A84229D0B04227D0B84281
:10ADB00025D0604523D0DFF8949209F14009484539
:10ADC00002D14FF4002A1AE0DFF87C92A9F1600961
:10ADD000484502D14FF4002A11E0DFF8709209F1E2
:10ADE000A009484502D14FF4002A08E0DFF8589244
:10ADF000484502D14FF4002A01E04FF0007A924812
:10AE00009838C0F800A08CE0DFF8409209F15809AA
:10AE1000484543D9884202D14FF0080A3AE09042AF
:10AE200002D14FF0080A35E0984202D14FF0080AEB
:10AE300030E0A04202D14FF0080A2BE0A84229D00E
:10AE4000B04227D0B84225D0604523D0DFF8FC912E
:10AE500009F14009484502D14FF4002A1AE0DFF811
:10AE6000E891A9F16009484502D14FF4002A11E0A8
:10AE7000DFF8D89109F1A009484502D14FF4002A22
:10AE800008E0DFF8C491484502D14FF4002A01E000
:10AE90004FF0007A6D48C0F80CA042E0884202D121
:10AEA0004FF0080A3AE0904202D14FF0080A35E02C
:10AEB000984202D14FF0080A30E0A04202D14FF090
:10AEC000080A2BE0A84229D0B04227D0B84225D0AA
:10AED000604523D0DFF8749109F14009484502D15B
:10AEE0004FF4002A1AE0DFF86091A9F160094845A3
:10AEF00002D14FF4002A11E0DFF8509109F1A009C6
:10AF0000484502D14FF4002A08E0DFF83C9148455B
:10AF100002D14FF4002A01E04FF0007A4B48C0F80C
:10AF200008A000980068404544D9884202D14FF0FB
:10AF3000040B3AE0904202D14FF0040B35E0984206
:10AF400002D14FF0040B30E0A04202D14FF0040BCD
:10AF50002BE0A84202D14FF4807B26E0B04202D120
:10AF60004FF4807B21E0B84202D14FF4807B1CE09B
:10AF7000604502D14FF4807B17E0DFF8D09009F1F3
:10AF80004009484511D0DFF8C090A9F16009484553
:10AF90000BD0DFF8B89009F1A009484505D0DFF8DB
:10AFA000A890484501D04FF0807B27489438C0F8DE
:10AFB00000B0DDE0DFF8949009F1B80948454AD9BE
:10AFC000884202D14FF0040B3AE0904202D14FF098
:10AFD000040B35E0984202D14FF0040B30E0A04260
:10AFE00002D14FF0040B2BE0A84202D14FF4807B3A
:10AFF00026E0B04202D14FF4807B21E0B84202D17A
:10B000004FF4807B1CE0604502D14FF4807B17E059
:10B01000DFF8389009F14009484511D0DFF8289051
:10B02000A9F1600948450BD0DFF8209009F1A0098B
:10B03000484505D0DFF81090484501D04FF0807B9F
:10B040000148983804E00000A0640240006002401B
:10B05000C0F800B08CE0DFF87093484544D98842CE
:10B0600002D14FF0040B3AE0904202D14FF0040BB2
:10B0700035E0984202D14FF0040B30E0A04202D1FB
:10B080004FF0040B2BE0A84202D14FF4807B26E066
:10B09000B04202D14FF4807B21E0B84202D14FF49C
:10B0A000807B1CE0604502D14FF4807B17E0DFF825
:10B0B0001893A9F11809484511D0DFF810934845B5
:10B0C0000DD0DFF8049309F14809484507D0DFF8AF
:10B0D000FC9209F16009484501D04FF0807BBA48E5
:10B0E0005838C0F80CB043E0884202D14FF0040B4E
:10B0F0003AE0904202D14FF0040B35E0984202D181
:10B100004FF0040B30E0A04202D14FF0040B2BE0D3
:10B11000A84202D14FF4807B26E0B04202D14FF426
:10B12000807B21E0B84202D14FF4807B1CE0604577
:10B1300002D14FF4807B17E0DFF88C92A9F1180957
:10B14000484511D0DFF8849248450DD0DFF8789259
:10B1500009F14809484507D0DFF8709209F1600904
:10B16000484501D04FF0807B97485838C0F808B068
:10B1700000980068404540D9884201D1012038E05C
:10B18000904201D1012034E0984201D1012030E009
:10B19000A04201D101202CE0A84201D1402028E0AA
:10B1A000B04201D1402024E0B84201D1402020E04B
:10B1B000604501D140201CE083491839884202D102
:10B1C0004FF4803015E08149884202D14FF480303D
:10B1D0000FE07D494831884202D14FF4803008E0C9
:10B1E0007A496031884202D14FF4803001E04FF457
:10B1F0008000764934390860CBE0DFF8CC8108F173
:10B200006008404540D9884201D1012038E0904291
:10B2100001D1012034E0984201D1012030E0A04268
:10B2200001D101202CE0A84201D1402028E0B04209
:10B2300001D1402024E0B84201D1402020E0604507
:10B2400001D140201CE060491839884202D14FF4F6
:10B25000803015E05D49884202D14FF480300FE024
:10B2600059494831884202D14FF4803008E05749AB
:10B270006031884202D14FF4803001E04FF4800009
:10B2800052493839086084E0DFF83C81404540D9B4
:10B29000884201D1012038E0904201D1012034E000
:10B2A000984201D1012030E0A04201D101202CE0E0
:10B2B000A84201D1402028E0B04201D1402024E042
:10B2C000B84201D1402020E0604501D140201CE07F
:10B2D0003D491839884202D14FF4803015E03B498E
:10B2E000884202D14FF480300FE03749483188421C
:10B2F00002D14FF4803008E034496031884202D1F5
:10B300004FF4803001E04FF480002F495839C86075
:10B310003FE0884201D1012038E0904201D1012074
:10B3200034E0984201D1012030E0A04201D1012057
:10B330002CE0A84201D1402028E0B04201D14020B9
:10B3400024E0B84201D1402020E0604501D14020F6
:10B350001CE01D491839884202D14FF4803015E0B5
:10B360001A49884202D14FF480300FE01649483123
:10B37000884202D14FF4803008E01449603188429D
:10B3800002D14FF4803001E04FF480000E4958396B
:10B3900088600F4803990268D1600E49029A0B68D1
:10B3A000DA600368049A5A600B68049A5A6000686D
:10B3B000026842F0010202600868016841F0010180
:10B3C000016005B0BDE8F08F586002404064024063
:10B3D00098100020F81000202DE9F04F3B4C236816
:10B3E0005D6845F002055D6023685D6845F0010514
:10B3F0005D6023681C6844F040041C60344C236882
:10B400001D6825F001051D6003E01D6825F001059C
:10B410001D6023681D68ED07F7D12E4F2E4D2D4E70
:10B420004C3FDFF8B490D4F800B0DFF8ACC0B83DC2
:10B430004FF4001AA7F10408A9F16009B34502D935
:10B44000C7F800A00BE0634502D9C8F800A006E0E9
:10B450004B4502D9C5F80CA001E0C5F808A0DFF8FB
:10B460007CA0C3F808A02368D96021684A602168DD
:10B470000B6843F010030B60194B19680C6824F03B
:10B4800001040C6003E00C6824F001040C601968EE
:10B490000C68E407F7D1D3F800B04FF00064B3456F
:10B4A00001D93C6009E0614502D9C8F8004004E0D8
:10B4B000494501D9EC6000E0AC60C1F808A019680A
:10B4C000C86018684260BDE8F08F0000401000209E
:10B4D0009810002058640240B86002400C300140CF
:10B4E000F810002070B582B004460E46154633466B
:10B4F000012202212046009500F036F830B1606D3F
:10B5000040F02000606502B0032070BD144815496A
:10B510000068B0FBF1F04FF47A7148430190606825
:10B52000B0F5827F0ED1334600228021204600955F
:10B5300000F01AF880B1606D40F02000606502B044
:10B54000032070BD019838B10198401E0190206819
:10B55000806810F0800FF5D102B0002070BD0000AF
:10B560000007002000366E012DE9F84304460F461F
:10B5700090469946089DFAF719FB401BA9EB000578
:10B58000FAF714FB06462D480068C0F3CB30684339
:10B5900000902068806837EA00000ED00020404507
:10B5A00046D0B9F1FF3F3BD0FAF700FB801BA84221
:10B5B00005D225B1009870B32FE00120EFE7206895
:10B5C000416821F0E00141606068B0F5827F0BD1F5
:10B5D000A068B0F5004F02D0B0F5806F04D12068AC
:10B5E000016821F040010160A06AB0F5005F09D157
:10B5F0002068016821F4005101602068016841F46D
:10B6000000510160012084F85100002084F85000AE
:10B610000320BDE8F883FFE700250098401E009056
:10B620002068806837EA000005D000204045B8D186
:10B630000020BDE8F8830120F8E7000000070020A3
:10B6400010B504462DED048B54F89C0F0AF054FA03
:10B6500041EC180B606C0AF04FFA41EC100B01F052
:10B6600043FDB0EE409AF0EE609AD4F800010AF083
:10B6700043FA53EC192B09F041FC53EC182B09F059
:10B680006DF941EC180B606C0AF036FA41EC100BC6
:10B6900001F012FCB0EE409AF0EE609AD4F834015A
:10B6A0000AF02AFA53EC192B09F028FC53EC182B5A
:10B6B00009F022F808F0BEFEC4F85401A0680AF0B0
:10B6C0001BFA41EC180B606D0AF016FA41EC100BF6
:10B6D00001F00AFDB0EE409AF0EE609AD4F8040151
:10B6E0000AF00AFA53EC192B09F008FC53EC182B5A
:10B6F00009F034F941EC180B606D0AF0FDF941ECEA
:10B70000100B01F0D9FBB0EE409AF0EE609AD4F83D
:10B7100038010AF0F1F953EC192B09F0EFFB53EC67
:10B72000182B08F0E9FF08F085FEC4F858019FEDDA
:10B73000238A9FED239A94ED550AB0EE481AF0EE55
:10B74000490A05F015F8F0EE408A94ED560A9C3C43
:10B75000B0EE481AF0EE490A05F00AF8B0EE408A59
:10B76000204603F0C5FFDFED170A94ED590ADFED1F
:10B77000161A38EEA01A00EE211A78EE200A94ED7F
:10B780005A0A40EE210ADFED111A94ED802A21EECB
:10B79000210A9FED0F1A02EE010A84ED7E0A60EE87
:10B7A000A10AD4ED811A41EE810AC4ED7F0A84ED2D
:10B7B000800AC4ED810ABDEC048B10BD0000C842B4
:10B7C0000000C8C28E973A41EC51983F3333333F63
:10B7D0009A99993E10B50B494868401C4860B0F5ED
:10B7E0007A7F03D9086888600120C860FAF72AFECA
:10B7F00008F004FC012803D0BDE8104008F0B4B8FC
:10B8000010BD00003000002030B593B0302107A8F3
:10B81000F4F7E8FF142102A8F4F7E4FF00251D481F
:10B82000016841F080510160006800F08050019093
:10B830001948016841F480410160006800F48040CB
:10B840000190012007900004089002240D948001CB
:10B850000E9006200F90A8201090119407201290AF
:10B8600007A8FBF77DF808B1F8F708FB0F20029056
:10B87000039404954FF4A05005904FF48050069027
:10B88000052102A8FAF750FF002801D0F8F7F6FAD0
:10B8900013B030BD403802400070004010480168CD
:10B8A00041F4700101600F48016841F0010101603D
:10B8B0000C4A00210832116002680B4B1A400260EA
:10B8C000031D0A4A1A60026822F4802202600548B9
:10B8D0000C3001600249580680390860704700004A
:10B8E00088ED00E000380240FFFFF6FE1030002433
:10B8F000F0B40268324BDFF8CCC0334D334E344CD9
:10B9000098420AD0B0F1804F07D0604505D0A842D8
:10B9100003D0B04201D0A04203D122F070024F68A0
:10B920003A43984228D0B0F1804F25D0604523D0CB
:10B93000A84221D0B0421FD0A0421DD0A0F1804C1F
:10B94000BCF5A03C18D0A0F1804CBCF5A23C13D0B3
:10B95000A0F1804CBCF5A43C0ED0A0F1804CBCF50D
:10B96000C05C09D0A0F1804CBCF5E05C04D0A0F133
:10B97000804CBCF5005C05D122F44072D1F80CC0BB
:10B980004CEA0202D1F814C022F0800242EA0C0212
:10B9900002608A68C2620A688262984201D0A0424C
:10B9A00001D10969016301214161016911F0010FB0
:10B9B00003D0016921F001010161F0BC7047000072
:10B9C000000001400004004000080040000C00405E
:10B9D0000004014001F01F0101238B40D0F820C07A
:10B9E0002CEA03030362036A02FA01F119430162BC
:10B9F0007047D0F808C02CF47F4C42EA0322114370
:10BA000041EA0C0181607047826822F070021143A4
:10BA100041F007018160704770B4026A036A23F045
:10BA2000010303624368D0F818C02CF0700C2CF0AE
:10BA3000030C0C6844EA0C0C22F002028C682243CE
:10BA40000F4C104DA04201D0A84205D122F00802AF
:10BA5000CE68324322F00402A04201D0A84207D1AE
:10BA600023F4807323F400734C6923438C692343CC
:10BA70004360C0F818C049684163026270BC7047F7
:10BA8000000001400004014070B4026A036A23F020
:10BA9000100303624368D0F818C02CF4E04C2CF477
:10BAA000407C0C684CEA042C22F020028C6842EAAC
:10BAB0000412114C114DA04201D0A84206D122F02F
:10BAC0008002CE6842EA061222F04002A04201D073
:10BAD000A84209D123F4806323F400634C6943EA4C
:10BAE00084038C6943EA84034360C0F818C0496842
:10BAF0008163026270BC7047000001400004014095
:10BB000070B4026A036A23F4807303624368D0F856
:10BB10001CC02CF0700C2CF0030C0C6844EA0C0CCC
:10BB200022F400728C6842EA0422114C114DA042AA
:10BB300001D0A84206D122F40062CE6842EA062271
:10BB400022F48062A04201D0A84209D123F480539C
:10BB500023F400534C6943EA04138C6943EA041349
:10BB60004360C0F81CC04968C163026270BC704782
:10BB7000000001400004014010B4036A026A22F48C
:10BB8000805202624268D0F81CC02CF4E04C2CF4C5
:10BB9000407C0C684CEA042C23F400538C6843EA84
:10BBA0000433A0F18044B4F5803404D0A0F1804483
:10BBB000B4F5823404D122F480424C6942EA841202
:10BBC0004260C0F81CC049680164036210BC704741
:10BBD000036AD0F820C02CF0010CC0F820C0D0F8C7
:10BBE00018C02CF0F00C4CEA021223F00A0319439F
:10BBF000826101627047036AD0F820C02CF0100CFB
:10BC0000C0F820C0D0F818C02CF4704C4CEA0232B6
:10BC100023F0A00343EA0111826101627047000032
:10BC20002DE9F04104462DED028B012620794FF0DD
:10BC300000089FEDF88AF84F002803D0607B08B910
:10BC4000E07BA8B184ED578AD4F85C0109F054FF79
:10BC500041EC100B01F03CFA9FEDF01B51EC100B86
:10BC600053EC112B09F038F826D0A4F83C8125E0DC
:10BC7000D4F8C002806809F03FFF41EC100B01F0DE
:10BC800027FA9FEDE81B51EC100B53EC112B09F038
:10BC9000F9F8D9D297ED100AD7ED070A20EE200A5D
:10BCA0009FEDE21ADFEDE20A04F062FD84ED570A2F
:10BCB000204604F067FBC7E7A4F83C61B4F83C01F8
:10BCC000012811D0A4F83E81012818D0A078D8B15D
:10BCD000207901281DD0022820D0E07B012822D025
:10BCE000607B01281FD022E0B4F83E110029EBD17F
:10BCF000A4F83E6194ED520A84ED540AE4E794ED11
:10BD0000540A84ED530A12E094ED520A84ED530A6A
:10BD10000DE094ED520A84ED530A08E094ED520AC6
:10BD200084ED530A03E094ED520A84ED530A94ED36
:10BD3000530AD4ED520A30EE600A10EE100A09F0F0
:10BD4000DBFE41EC100B01F0C3F99FEDBA1B51EC87
:10BD5000100B53EC112B09F070FA03D294ED520A38
:10BD600084ED530A207918B1607B08B9E07B38B3C1
:10BD700094ED0F0A84ED1E0A84ED218A84ED208A59
:10BD8000217A02297DD084ED3A8A84ED3E8A207999
:10BD9000022877D0A078012875D0022874D0042812
:10BDA00073D0052972D0A672A07A9FEDA48ADFED28
:10BDB000A48A00286BD001286AD0042869D0FBE04F
:10BDC000207810B9617801293ED00028D6D160785A
:10BDD00004F580650028D1D1D4F85C0109F08CFE0F
:10BDE00041EC100B01F074F99FED961B51EC100B18
:10BDF00053EC112B09F021FA59D295ED850AD5EDB6
:10BE0000870A30EE600A10EE100A09F075FE41EC68
:10BE1000100B01F05DF99FED8D1B51EC100B53ECF5
:10BE2000112B09F00AFA42D295ED850AD5ED870A61
:10BE300030EE600A874910EE100ADFED870A88426B
:10BE400009DD30EE600A0DE094ED0F0A84ED1E0A64
:10BE500084ED218A92E710EE100A8049884201D9C8
:10BE600030EE200A85ED860AF0EE480A04F23440EE
:10BE7000FDF716FD94ED1E1ADFED791A00EE611A3A
:10BE800008E05EE064E065E067E068E06AE06CE0DE
:10BE900070E07CE084ED1E1A84ED218A94ED570A4F
:10BEA000DFED700A20EE200A84ED570A66E7D4F829
:10BEB000C0026D498068B0F13F4F0BD994ED0F0A75
:10BEC00084ED1E0A486800EE100A84ED210AA4F8E9
:10BED000406132E0B0F17C5F0BDD94ED0F0A84ED40
:10BEE0001E0A486800EE100A84ED210AA4F8406199
:10BEF00023E0B4F8400101281FD194ED0F0A84ED2E
:10BF00001E0A94ED210ADFED590A20EE200A84ED85
:10BF1000210A206D09F0F0FD41EC100B01F0D8F87A
:10BF20009FED531B51EC100B53EC112B08F0AAFFA3
:10BF300003D284ED218AA4F84081204604F022FA3D
:10BF40001CE797ED020A84ED3A0A84ED3E0A1EE7EB
:10BF5000A67229E784F80A8026E7A67224E704205F
:10BF6000A07221E784F80A801EE797ED080A84EDA5
:10BF7000240A21E0D4F8C002B0EE481AF0EE680AB4
:10BF800090ED030A04F0F4FB84ED240A14E097ED2D
:10BF9000110AD7ED091A30EE610A87ED110AD7EDC3
:10BFA000081AB4EEE10AF1EE10FA01D2C7ED111A47
:10BFB00097ED110A84ED240A2079032805D0022880
:10BFC0007DD0607B012860D062E0207A012855D0C6
:10BFD00002280DD0042812D0052815D094ED240A8B
:10BFE00084ED250A84ED260ABDEC028BBDE8F081C4
:10BFF0009FED210A84ED250A84ED260AF4E784EDFD
:10C00000258A84ED268AEFE7C4ED258AC4ED268AC9
:10C01000EAE70000000000004000002000000000EF
:10C0200000000000000000000000E03FCDCC0C400C
:10C03000CDCC0CC0000000403333D33F7B14AE3E68
:10C04000CDCCCC3D9A9999999999C93F000000406F
:10C050003333E33F000034430000B443000034C3F3
:10C060006F12833B9A99193FD41C00209A99593F2B
:10C0700000000040E17A943FB81E053E9FED230A80
:10C0800084ED250A84ED260AAEE7E07B012836D050
:10C09000D4ED240A97ED080AF4EE400AF1EE10FA06
:10C0A0002DD0A07804282AD094ED110A84ED370A07
:10C0B000F4F7F0F99FED168A60EE088A00E01EE0C2
:10C0C00094ED370AF4F7AAF9C8EE800A94ED240A31
:10C0D00030EE600A84ED250A94ED370AF4F7DAF9B8
:10C0E00020EE088A94ED370AF4F798F9C8EE000AB2
:10C0F00094ED240A30EE800A84ED260A74E794ED6C
:10C10000240A84ED250A84ED260A6DE79A99193EE2
:10C110008FC2753E10B5806B0021C185C184FBF7CD
:10C1200032FC10BD01680C3151E8002F22F49072EE
:10C1300041E80023002BF5D10168143151E8002FAC
:10C1400022F0010241E80023002BF5D1016B012907
:10C1500009D101680C3151E8002F22F0100241E8AA
:10C160000023002BF5D1202180F84210002101632B
:10C17000704710B50168CA6822F04002CA602021E9
:10C1800080F84110FBF73EFF002010BD08B590F885
:10C190004210222901D0022008BD8268B2F5805FDA
:10C1A00001D1016929B1816AB2F5805F1DD052B118
:10C1B0000BE0816A02685268C2F308020A80816A51
:10C1C000891C816209E002697AB10268526802F052
:10C1D0007F020A70816A491C8162C18D491E09046F
:10C1E000090CC18505D0002008BD026852680A709C
:10C1F000F0E70168CA6822F02002CA600168CA68D4
:10C2000022F48072CA6001684A6922F001024A6120
:10C21000202180F8421000214163026B012A03D0E3
:10C22000FBF74CFE002008BD016301680C3151E8AA
:10C23000002F22F0100241E80023002BF5D1016805
:10C240000A6812F0100F02D00A6849680091818DC7
:10C25000FBF798FBE6E700002DE9F0410446206873
:10C260000169E26821F44051114301612169A0682C
:10C27000E26908436169114301432068C26822F4FE
:10C28000037222F414421143C16020684169A2691B
:10C2900021F44071114341612068A0F18041B1F562
:10C2A00088312ED0A0F18041B1F58A3129D0FAF73A
:10C2B000FFFA8446E16900201927254D3226B1F5A1
:10C2C000004F22D06068830F8200ACFB0701F4F7B7
:10C2D0001BF90146A5FB002040097A42424301EBCD
:10C2E000820106EB0111A5FB0121490901F0F002D1
:10C2F00002EB001001F00F01084421688860BDE8DE
:10C30000F081FAF7E5FA8446D4E761684A1840EB11
:10C310000003ACFB0701F4F7F7F80346A5FB001098
:10C32000410918460A016FF01803594300EB8100D8
:10C3300006EBC000A5FB0010400900F0F80102EB7D
:10C34000410100F00700084421688860BDE8F081E1
:10C350001F85EB5181628285C285002141642221C3
:10C3600080F842100169002904D00168CA6842F4CB
:10C370008072CA6001684A6942F001024A6100683D
:10C38000C16841F02001C1600020704790F8411061
:10C39000212901D0022070478168B1F5805F01D169
:10C3A000016961B1016A4A1C026202680978516040
:10C3B000C18C491E0904090CC1840AD013E0016A2A
:10C3C00002680988C1F308015160016A891C016291
:10C3D000EEE70168CA6822F08002CA600068C1689E
:10C3E00041F04001C160002070472DE9F843044648
:10C3F000089E0D46174698462068006835EA0000FA
:10C4000028D00020B84232D1B6F1FF3F27D0F9F74B
:10C41000CDFBA0EB0800B0421ED8EEB12068C16889
:10C4200011F0040F1BD0802D19D0402D17D00168BA
:10C4300011F0080F13D000252168096840680090AA
:10C440002046FFF76FFE0820606484F8405001200A
:10C45000BDE8F8830120D5E70320BDE8F883206814
:10C46000006835EA000005D00020B842CCD000209A
:10C47000BDE8F8830120F8E70148FBF785BA000022
:10C480000813002038B52D4800680168890603D5D7
:10C4900001684068009038BD29490968C906FAD585
:10C4A000016840680090274A10680168264B09031C
:10C4B0004FF0240420D4016821F0010101601168CB
:10C4C0004868C0F1240080B218804C6011680B6885
:10C4D00043F400230B6011680A6842F001020A600D
:10C4E0001228D8D1194901F11A0006F01BFABDE84B
:10C4F0003840002004F05EB8016821F001010160BD
:10C5000011684868C0F1240080B218804C6010495E
:10C510008B6A23F400238B6211680A6842F00102DF
:10C520000A601228B7D1094901F13E0006F0FAF974
:10C53000BDE83840002004F03DB800005013002052
:10C540000048004040140020F4010020B1230020E6
:10C550000060024038B52B480068C00650D52A4913
:10C560000868026840680090C86B00680268274B42
:10C5700012034FF4007421D4026822F00102026019
:10C58000C86B00684268C2F5007292B21A804460BB
:10C59000C86B0068036843F400230360C86B00683D
:10C5A000016841F001010160194901F5806004F062
:10C5B00080F8BDE838400B2003F0FCBF026822F091
:10C5C00001020260C86B00684268C2F5007292B254
:10C5D0001A804460C86B0068036823F4002303607A
:10C5E000C86B0068016841F001010160094901F56B
:10C5F000007004F05EF8BDE838400B2003F0DABFAD
:10C6000038BD0000001401409813002030020020C3
:10C61000CC240020CC260020FEE703B40198410082
:10C62000009850EAC12018BF04204A0D18BF40F0FE
:10C63000010040F2FF72B2EB515F08BF40F0020010
:10C64000012808BF052002B070474100080218BF4A
:10C6500004200A0E18BF40F001004FF07F4232EA7A
:10C66000010108BF40F00200012808BF0520704703
:10C6700010B54FF00E402DED028BB0EE408A18EE53
:10C68000104A00EB4400B0F1506F4AD84FF0FC4024
:10C69000B0EB440F22D2B0EEC80AF7EE000A30EE3B
:10C6A000C00AF6EE000A60EE208A18EE900A06F044
:10C6B000CBFB01EE100A14F0004F1DBFDFED2D0A79
:10C6C0009FED2D0AB1EE411ADFED2C0A08BF9FED58
:10C6D0002C0AF8EE001A21EE218A05E0DFED290A86
:10C6E00068EE088AB0EE600A9FED271ADFED271A80
:10C6F00030EE080A48EE811A9FED251A08EEA11ABD
:10C70000DFED241A48EE811A9FED231A08EEA11AD4
:10C7100068EE281ABDEC028B01EE810A30EE200A89
:10C7200010BD4FF0E440B0EB440F0CD918EE100AE6
:10C73000FFF78BFF042808BF01F044FBB0EE480A66
:10C74000BDEC028B10BD4FF07F40B0EB440F07D221
:10C75000B0EE480ABDEC028BBDE8104001F024BBEE
:10C760000120F4F76EF8BDEC028BBDE8104001F03B
:10C7700021BB00000000C9BF22AAFDB90000C93FCB
:10C7800022AAFD390000000024FE1C3DC78AD83CC7
:10C790001E67383D1B93993DAFAA2A3E000000005A
:10C7A00070B59B482DED020B2DED068B079D25F0F6
:10C7B0000044A04218DC9748844202DC0AD1069863
:10C7C00040B19DED060BBDEC068B02B0BDE870409C
:10C7D00001F0B6BA002DCCBF9FED8F0B9FED900BF3
:10C7E000BDEC068B02B070BD8F48A04215DD8F48AE
:10C7F000A042D8BF4FF0FF3458DD9DED060B51EC41
:10C80000100BFFF70AFF042808BF01F0BDFA9DEDE9
:10C81000060BBDEC068B02B070BD9DED060B51EC16
:10C82000100B03F018FFCDE9060181489FED828BC4
:10C83000A0423CDD8248A0421FDD00249FED82AB78
:10C840009DED060B53EC1A2B51EC100B07F054FF27
:10C850009DED060B41EC190B53EC1A2B51EC100B10
:10C8600008F04CFB53EC182B08F044FE53EC192B4A
:10C8700008F074F8CDE9060149E09DED060B0124AE
:10C8800053EC182B51EC100B07F036FF9DED060B07
:10C8900041EC190B53EC182B51EC100B08F02AFE4D
:10C8A00053EC192B08F05AF8CDE906012FE068483F
:10C8B000A0421FDD02249FED689B9DED060B53EC0B
:10C8C000192B51EC100B08F019FB53EC182B07F047
:10C8D00013FF9DED060B41EC180B53EC192B51EC9B
:10C8E000100B08F007FE53EC182B08F037F8CDE9D1
:10C8F00006010CE09DED060B032453EC102B9FED7D
:10C90000580B51EC100B08F029F8CDE906019DED0C
:10C91000060B53EC102B51EC100B08F0EFFA41EC26
:10C92000180B53EC182B08F0E9FA41EC190B4E48A0
:10C930000621B0EE490AF0EE690A784401F0ECF8FD
:10C9400053EC182B51EC100B08F0D8FA41EC180BF3
:10C950004648B0EE490AF0EE690A0521784401F034
:10C96000DBF853EC192B51EC100B08F0C7FA41EC33
:10C97000100B51EC180B53EC102B002C0EDA07F0B7
:10C98000BBFE9DED061B53EC112B08F0B7FA9DED95
:10C99000061B53EC112B08F081FC35E007F0ACFED0
:10C9A0009DED061B53EC112B08F0A8FA41EC100B7F
:10C9B0002F48784400EBC40090ED001B51EC100BA5
:10C9C00053EC112B08F096FD9DED061B53EC112B3B
:10C9D00008F090FD41EC100B2648784400EBC400B1
:10C9E00090ED001B51EC100B53EC112B08F056FC92
:10C9F00041EC100B002DA2BFBDEC068B02B070BD48
:10CA000051EC100B07F00AFD41EC100B01E70000A0
:10CA1000000010440000F07F182D4454FB21F93F22
:10CA2000182D4454FB21F9BF0000DC3F0000203EDC
:10CA30000000F33F00000000000000000000F03F95
:10CA40000000E63F00000000000000000000004081
:10CA50000080034000000000000000000000F83FDC
:10CA6000000000000000F0BF42AF0000F8AE000080
:10CA700082AE00003AAE000070B56B4E2DED040B97
:10CA80002DED028B82B0DDF81CC0DDE905235C4290
:10CA90002CF000411C4341EAD474049D22F0004074
:10CAA000B44205D86C422C4340EAD474B4420BD94A
:10CAB0009DED061B9DED040B02B0BDEC028B04B096
:10CAC000BDE8704001F046B9ACF14054A4F17F6478
:10CAD0001C430BD0022404EAAC7444EAD27405432C
:10CAE0009FED538B9FED542B07D015E09DED040B6C
:10CAF00051EC100B02F072F942E0002C11BF012C36
:10CB00009DED040B02B0BDEC028B04BF04B070BD00
:10CB1000022C38D0032C3BD00B439FED491B9FEDDB
:10CB20004A0B0AD0B14218D1B04209D121F080415C
:10CB300020F08040079105900FE0002A15DA10E000
:10CB4000434B7B44002C08BF93ED000B0DD0012C10
:10CB500010D0022C17D0032C1AD0B0421DD1002ABD
:10CB600003DAB0EE410AF0EE610A02B0BDEC028BCE
:10CB700004B070BD93ED000B51EC100B07F04EFCB0
:10CB800041EC100BF1E7B0EE480AF0EE680AECE772
:10CB9000B0EE420AF0EE620AE7E7401A00153C28C0
:10CBA000C8BF8DED000B19DCBCF1000FBEBF10F14A
:10CBB0003C0F9FED290B8DED000B0FDB9DED060B60
:10CBC00053EC102B9DED040B51EC100B07F0C6FE3F
:10CBD00003F041FD02F002F9CDE90001002C08BF8D
:10CBE0009DED000BC1D0012C10D0022C9FED1C0B31
:10CBF00053EC102B9DED000B51EC100B0DD008F0F9
:10CC000079FC53EC182B08F075FCB9E7019880F01B
:10CC1000004001909DED000BA7E708F06BFC53EC82
:10CC2000182B08F03BFBABE70000F07F0000000092
:10CC3000182D4454FB210940182D4454FB2109C0F0
:10CC4000182D4454FB21F9BF182D4454FB21F93F02
:10CC50009AAD00000000000000000000000000008D
:10CC6000075C143326A6A13C10EE100A10B510EE96
:10CC7000901A4FF0684202EB40032DED028BB3F1A6
:10CC8000654F3CBF02EB4102B2F1654F7CD200BF61
:10CC9000C0F3C753C1F3C7529A1A1B2A09DD10F01B
:10CCA000004F14BF9FED6E0A9FED6E0ABDEC028B24
:10CCB00010BD12F11A0F1BDA11F0004F09D010F05D
:10CCC000004F0CBF9FED680A9FED680ABDEC028B18
:10CCD00010BD80EE208A18EE100AFFF7B6FC04287B
:10CCE00008BF01F06FF8B0EE480ABDEC028B10BD32
:10CCF0004200B2EB410F37D910F0004F19BFDFED02
:10CD00005C1A9FED5C1ADFED5C1A9FED5C1AB0EEC9
:10CD1000602A0A46F1EE400A80F00041B0EE420A75
:10CD200010460A1A5200B2F1807F34D2484010F007
:10CD3000004FDFED532A9FED533A1DBFBEEE002A90
:10CD400071EEE21A31EE431AB6EE002A04BF71EE1C
:10CD5000A21A31EE031AF0EE402A42EE602A40EEAB
:10CD6000020A82EEA02A18E011F0004F04BF9FEDE6
:10CD7000461AF0EE411AD4D010F0004F1CBFDFED80
:10CD8000431A9FED431A00E026E004BFDFED411A8D
:10CD90009FED411AC5E780EE202A22EE020ADFED60
:10CDA0003F0ADFED3F2ABDEC028B40EE202ADFED8B
:10CDB0003D0A40EE220ADFED3C2A40EE202ADFED5C
:10CDC0003B0A40EE220A22EE000A00EE201A31EE63
:10CDD000020A30EE210A10BD4FF07F42B2EB400F45
:10CDE00028BFB2EB410F05D2BDEC028BBDE810406D
:10CDF00000F0DDBF40EA01035B0008BF41F0FF41E6
:10CE00000BD0B2EB400F08BFB2EB410F08D120F0BE
:10CE1000804000EE100A21F0804100EE901A37E7C2
:10CE2000B2EB400F12BF5FEA410240F0FF4001F059
:10CE300000413FF42DAF4A0092EA40033FF528AF8E
:10CE4000002AACBF9FED1A1A9FED1A1A20EE010AB4
:10CE500060EE810A10EE100A10EE901A18E700003A
:10CE6000DB0FC9BFDB0FC93FDB0F4940DB0F49C0F8
:10CE70000000C9BF22AAFDB90000C93F22AAFD399E
:10CE80000060ED3EC30ACE3700000000000049C03C
:10CE900022AA7DBA0000494022AA7D3A2DAD65BD87
:10CEA0008FB8D53D0FB511BE61C84C3EA8AAAABE29
:10CEB0000000804F0000802F10B52F499FED2C1BE4
:10CEC0002DED020B84B0059820F000408842D8BFB9
:10CED0009DED040B2DDD2949884209D1049840B904
:10CEE0004FF00100F3F7ADFC00F03EFF06B010BDBF
:10CEF00005DB9DED040B00F023FF06B010BD684676
:10CF00009DED040B00F034FB10F0030004BF9DED19
:10CF1000021B9DED000B0CD001280ED09DED021BD5
:10CF20009DED000B022817D0012000F071FE06B025
:10CF300010BD00F039FD06B010BD9DED021B9DED4A
:10CF4000000B012000F064FE51EC100B07F066FAB4
:10CF500006B041EC100B10BD00F026FD51EC100B9B
:10CF600007F05CFA06B041EC100B10BD00000000A9
:10CF70000000000000000000FB21E93F0000F07FFE
:10CF800010EE101A08B5444A6846B2EB410F28D992
:10CF90004FF0E640B0EB410F94BF00204FF0FF3060
:10CFA00000900098002861DB60EE000A10F0010F8D
:10CFB00045D010F0020FDFED391A9FED391A00EE5F
:10CFC000E11ADFED381A40EE811A21EEA01AF0EED8
:10CFD000400A40EE010A08BFF1EE600AB0EE600AB6
:10CFE00008BD314B21F0004293423CD911F0004F73
:10CFF000DFED2E0A20EE201ADFED2D0A19BF31EEEB
:10D00000601A71EE200A31EE201A71EE600ABDEE50
:10D01000E01A11EE100A9FED271A00F0030000EE4F
:10D02000C10A9FED251A009000EEC10A9FED231A58
:10D0300000EEC10A9FED221A00EEC10AB1E79FED92
:10D04000211A9FED210A10F0020F00EE810A9FEDD8
:10D050001F1A00EE801AB7EE000A00EE810A18BF10
:10D06000B1EE400A08BD00F0B5FE9AE710EE100AD6
:10D070004000B0F17F4F3CBFB7EE000A08BD07D1BA
:10D080004FF00100F3F7DDFBBDE8084000F092BE71
:10D09000BDE8084000F088BEB61F927E336D4C3963
:10D0A000DA82083CA0AA2ABE490E494683F9223FEB
:10D0B0000000004B0000C93F00A0FD390020A23352
:10D0C0001A61342CB93AB2BACA9F2A3DDDFFFFBEBD
:10D0D0002DED020B019820F0004001909DED000B1A
:10D0E00002B070470000000010B52F499FED2C1BC7
:10D0F0002DED020B84B0059820F000408842DCBF83
:10D1000000209DED040B32DD2849884209D10498A6
:10D1100040B94FF00100F3F794FB00F025FE06B094
:10D1200010BD05DB9DED040B00F00AFE06B010BD3E
:10D1300068469DED040B00F01BFA10F0030011D0BF
:10D14000012818D09DED021B9DED000B02281AD07E
:10D1500000F02AFC51EC100B07F060F906B041EC2E
:10D16000100B10BD9DED021B9DED000B012000F08A
:10D170004FFD06B010BD9DED021B9DED000B00F0B4
:10D1800013FC06B010BD012000F042FD51EC100B65
:10D1900007F044F906B041EC100B10BD0000000090
:10D1A0000000000000000000FB21E93F0000F07FCC
:10D1B00000B510EE101A2DED028B81B0524A684670
:10D1C000B2EB410F2ED94FF0E640B0EB410F94BFC8
:10D1D00000204FF0FF3000900098B0EE408A002809
:10D1E0006ADB10F0010F4BD068EE080A9FED471A7A
:10D1F0009FED470A00EE810A9FED461A10F0020FDC
:10D2000000EE801AB7EE000A00EE810A02BF01B0FC
:10D21000BDEC028B00BD00BF01B0B1EE400ABDEC19
:10D22000028B00BD3C4B21F00042934241D911F0EA
:10D23000004FDFED3A0A20EE201ADFED390A19BF60
:10D2400031EE601A71EE200A31EE201A71EE600A9A
:10D25000BDEEE01A11EE100A9FED321A00F0030045
:10D2600000EEC10A9FED301A009000EEC10A9FED5A
:10D270002F1A00EEC10A9FED2E1A00EEC10AABE78D
:10D2800028EE080A9FED2B1ADFED2B0A10F0020F93
:10D2900040EE410A9FED291A00EE201A61EE000AC5
:10D2A000B0EE480A08EE200AB6D101B0BDEC028B00
:10D2B00000BD00F08FFD8FE718EE100A4000B0F1BE
:10D2C0007F4F0DD218EE100AFFF7BFF9042808BFF0
:10D2D00000F078FDB0EE480A01B0BDEC028B00BD55
:10D2E00009D10120F3F7ADFA01B0BDEC028B5DF876
:10D2F00004EB00F05FBD01B0B0EE480ABDEC028B5C
:10D300005DF804EB00F050BDB61F927EB93AB2BA98
:10D31000CA9F2A3DDDFFFFBE490E494683F9223FE1
:10D320000000004B0000C93F00A0FD390020A233DF
:10D330001A61342C336D4C39DA82083CA0AA2ABE1B
:10D3400000B52DED048BB0EE409AF0EE609A83B0FC
:10D3500051EC190B07F0CAFF41EC180B18EE100A3C
:10D3600018EE901A8DED008B002818BF012008439D
:10D3700020F00040C0F17F6000F1E040C00F14D009
:10D3800019EE101A19EE900A8DED009B002918BFB6
:10D390000121084320F00040C0F17F6000F1E0402F
:10D3A000C00F04BF0120F3F74CFAB0EE480A03B0F7
:10D3B000F0EE680ABDEC048B00BD10B52DED028BBC
:10D3C000B1EEC08A18EE100A20F00040C0F1FF4014
:10D3D000C00F0AD010EE100A20F00040C0F1FF404C
:10D3E000C00F04BF0120F3F72CFAB0EE480ABDECE1
:10D3F000028B10BD00B510EE101A2DED028B81B01E
:10D400004D4A6846B2EB410F3CD94FF0E640B0EBD5
:10D41000410F94BF00204FF0FF3000900098B0EE15
:10D42000408A00285FDB28EE080ADFED440A9FED02
:10D43000441A00EE201ADFED430A40EE010A9FED88
:10D44000421A00EE201ADFED410A10F0010F40EE03
:10D45000010A9FED3F1A00EE201A61EE000AB0EEBD
:10D46000480A08EE200A02BF01B0BDEC028B00BDE5
:10D47000BFEE001A01B0C1EE000ABDEC028BB0EEA7
:10D48000600A00BD334B21F00042934228D911F0CD
:10D49000004FDFED310A20EE201ADFED300A19BF10
:10D4A00031EE601A71EE200A31EE201A71EE600A38
:10D4B000BDEEE01A11EE100A9FED291A00F00300EC
:10D4C00000EEC10A9FED271A009000EEC10A9FED01
:10D4D000261A00EEC10A9FED251A00EEC10A9DE74B
:10D4E00000F078FC9AE718EE100A4000B0F17F4F88
:10D4F0000DD218EE100AFFF7A8F8042808BF00F0B4
:10D5000061FCB0EE480A01B0BDEC028B00BD09D150
:10D510000120F3F796F901B0BDEC028B5DF804EB46
:10D5200000F048BC01B0B0EE480ABDEC028B5DF8DB
:10D5300004EB00F039BC0000B61F927EBBE9223C30
:10D540000C6D063B8A76CE3CACB5593D35A1083E04
:10D5500029AAAA3E490E494683F9223F0000004B02
:10D560000000C93F00A0FD390020A2331A61342C0D
:10D570002DE9F14F04462DED020B2DED088B8AB0FD
:10D580009FEDE70B80ED020B139EE74826F0004568
:10D5900085420ADC9DED120B002084ED000B0AB0E1
:10D5A000BDEC088B03B0BDE8F08FE0489FEDE0AB29
:10D5B0009FEDE1BBA84247DDE14F9FEDE39B9FED6F
:10D5C000E48B9DED120B53EC1A2B51EC100B002E3B
:10D5D0001CDD07F08FFF41EC100BBD4208D053EC6F
:10D5E0001B2B51EC100B07F085FFC4E900010BE089
:10D5F00053EC192B51EC100B07F07CFF53EC182B5C
:10D6000007F078FFC4E900010120C8E707F074F8CB
:10D6100041EC100BBD4208D053EC1B2B51EC100B0E
:10D6200007F06AF8C4E900010BE053EC192B51EC48
:10D63000100B07F061F853EC182B07F05DF8C4E904
:10D6400000014FF0FF30AAE7C348A84279DB9DED07
:10D65000120B51EC100B02F0FEFF41EC180B9FED8A
:10D66000C00B53EC102B07F049FC9FEDBF1B53EC94
:10D67000112B07F041F807F069FB074607F0CAFBDA
:10D6800041EC190B53EC1A2B07F038FC53EC182B18
:10D6900007F004FE41EC180B53EC1B2B51EC190B5B
:10D6A00007F02CFCDFF8C8A241EC100B4FEA15582C
:10D6B0000125FA4453EC102B51EC180B07F01AFF1C
:10D6C000032DC4E900013DD0C1F30A5005EB45111B
:10D6D000A8EB00001139814234DA0AEB051BB0EEE9
:10D6E00048AA9BED000BF0EE68AA53EC102B51EC0E
:10D6F000190B07F003FC41EC1B0B51EC1A0B53EC1C
:10D700001B2B07F0F7FE41EC180B51EC1A0B53ECF6
:10D71000182B07F0EFFE53EC1B2B07F0EBFE9BEDF5
:10D72000020B41EC1A0B53EC102B51EC190B07F0C8
:10D73000E5FB53EC1A2B07F0DDFE41EC100B6D1CE2
:10D74000B8E70EE0002EA8BF3846BFF628AF94ED2C
:10D75000000B51EC100B06F061FEC4E900017842A9
:10D760001DE7C6F3130040F4801EC6F30A50A0F272
:10D77000F530471100F01F05C5F12000DDF848B075
:10D7800008900020069007900520EC467949002D6E
:10D7900007EB0002794408BF51F8221009D051F874
:10D7A000223001EB8201AB404A68089922FA01F16C
:10D7B0001943A1FB0E26A1FB0B131A449A4234BF56
:10D7C0000123002303EB06080CEB8003D3E901A639
:10D7D0000E448E4234BF0121002192448A4411B18B
:10D7E000924502D903E0924501D2012100E00021D7
:10D7F000C3E901A641444CF82010011EA0F101002C
:10D80000C4DC029800F10050850F0298DDE903673F
:10D810008000DDF8148007F0FDFA41EC1A0B304669
:10D8200007F01CFB9FED541B53EC112B07F066FB1C
:10D8300041EC1B0B384607F011FB9FED511B53ECDD
:10D84000112B07F05BFB41EC180B404607F006FB81
:10D850009FED4D1B53EC112B07F050FB41EC190BC6
:10D8600051EC180B53EC192B06F046FF53EC1B2B15
:10D8700006F042FF53EC1A2B06F03EFFCDE90801FB
:10D88000002008909DED080B53EC1A2B51EC100B67
:10D8900007F030FE53EC1B2B07F02CFE53EC182B3B
:10D8A00007F028FE53EC192B07F0F8FC9FED381B0E
:10D8B00053EC112B07F022FB9FED370B41EC180BBB
:10D8C00053EC102B9DED080B51EC100B07F016FBE1
:10D8D00053EC182B06F010FF9FED310B41EC180BA9
:10D8E00053EC102B9DED080B51EC100B07F006FBD1
:10D8F00053EC182B06F000FF41EC100B139810F0BE
:10D90000004F06D06D4251EC100B06F087FD41EC44
:10D91000100B284684ED000B41E6000000000000DB
:10D920000000000000000000FB21E93F7CD902401C
:10D9300000004054FB21F93F3163621A61B4D03DCD
:10D94000FB21F93F000000000000601A61B4D03DE7
:10D950007370032E8A19A33BFB213941000000009C
:10D9600083C8C96D305FE43F000000000000E03F65
:10D9700032A2000080A10000000000000000103E64
:10D98000000000000000103C000000000000103A01
:10D99000182D4454FB21F93D3326A611460B113CAA
:10D9A00000000054FB21F93D10B52DED040B2DEDC9
:10D9B000088B82B0B0EE419AF0EE619A0B9820F09D
:10D9C00000449FED4BABB4F1795F11DA9DED0A0B8A
:10D9D00051EC100B07F0BAF9002801BFB0EE4A0A6B
:10D9E000F0EE6A0A02B0BDEC088B04BF04B010BDB3
:10D9F0009DED0A0B53EC102B51EC100B07F07EFA47
:10DA000041EC180B3C480621B0EE480AF0EE680ADB
:10DA1000784400F081F853EC182B51EC100B07F010
:10DA20006DFA9DED0A0B41EC1B0B53EC192B51ECDD
:10DA3000100B07F063FA41EC190B53EC1B2B51EC64
:10DA4000180B07F05BFA53EC192B07F053FD9FED11
:10DA50002C0B41EC190B53EC102B51EC180B07F06D
:10DA60004DFA41EC100B2848844210DA53EC192B84
:10DA700051EC100B07F03EFD53EC1A2B07F00EFC97
:10DA800041EC100B02B0BDEC088B04B010BD1F4878
:10DA9000A042BCBF9FED1E1B8DED001B06DBA4F555
:10DAA00000100190002000909DED001B51EC100B28
:10DAB00053EC112B07F01EFD9DED000B41EC180BF4
:10DAC00053EC102B51EC1A0B07F014FD41EC1A0B20
:10DAD00053EC192B51EC180B07F00CFD53EC1A2BDF
:10DAE00007F0DCFB41EC100BCCE70000000000006D
:10DAF000000000000000F03F9C9E000000000000BD
:10DB0000000000000000E03F3333D33F0000E93F56
:10DB1000000000000000D23F70B504462DED028BDE
:10DB20004D1E00EBC500B0EE408AF0EE608A90ED2D
:10DB3000000B35F0060017D053EC182B51EC100BEE
:10DB400007F0DCF941EC100B6D1E04EBC50090ED05
:10DB5000001B51EC100B53EC112B06F0CDFD41ECEA
:10DB6000100B35F00600E7D1022D36D0042D1CD065
:10DB7000062D1CBFBDEC028B70BD53EC182B51EC75
:10DB8000100B07F0BBF994ED0A1B53EC112B06F0B8
:10DB9000B3FD53EC182B07F0B1F994ED081B53ECCF
:10DBA000112B06F0A9FD41EC100B53EC182B51EC96
:10DBB000100B07F0A3F994ED061B53EC112B06F0A4
:10DBC0009BFD53EC182B07F099F994ED040B53ECE3
:10DBD000102B06F091FD41EC100B53EC182B51EC7F
:10DBE000100B07F08BF994ED021B53EC112B06F090
:10DBF00083FD53EC182B07F081F994ED001B53ECD7
:10DC0000112B06F079FDBDEC028B41EC100B70BDC1
:10DC100031B504462DED040B2DED0A8BB0EE41BA63
:10DC2000F0EE61BA0B989DED0A0B20F00040B0F1C8
:10DC3000795F0DDA51EC100BFEF7EFFC042808BFFA
:10DC400000F0A2F89DED0A0BBDEC0A8B05B030BDCB
:10DC500053EC102B51EC100B07F050F941EC180B62
:10DC60009DED0A0B53EC182B51EC100B07F046F905
:10DC700041EC190B2C48B0EE480AF0EE680A052179
:10DC80007844FFF749FF9FED2ACBB0EE40AAF0EEB3
:10DC900060AA9CB353EC1C2B51EC190B07F02EF926
:10DCA00041EC1C0B53EC1A2B51EC190B07F026F925
:10DCB0009FED210B41EC190B53EC102B51EC1B0B7E
:10DCC00007F01CF953EC192B07F014FC53EC182B3C
:10DCD00007F014F953EC1B2B07F00CFC53EC1C2B36
:10DCE00007F008FC9DED0A1B53EC112B07F0D6FA48
:10DCF000BDEC0A8B05B041EC100B30BDFFE753ECD7
:10DD00001A2B51EC180B07F0F9F853EC1C2B06F00A
:10DD1000F3FC53EC192B07F0F1F89DED0A1B53ECC3
:10DD2000112B06F0E9FCE3E74C9D00000000000029
:10DD3000495555555555C5BF000000000000E03F4E
:10DD400010B553EC102B51EC100B06F0D5FC41EC48
:10DD5000100B10BD10B553EC112B51EC100B06F04D
:10DD6000CBFC41EC100B10BD9FED050B10B553EC37
:10DD7000102B51EC100B06F0F1FD41EC100B10BD17
:10DD800000000000000000009FED050B10B553ECF3
:10DD9000102B51EC100B07F0B1F841EC100B10BD3B
:10DDA000000000000000001030EE000A704730EE66
:10DDB000200A7047DFED020A80EEA00A70470000DB
:10DDC000000000009FED020A20EE000A70470000EC
:10DDD000000000102DE9F0014FF07F42B2EB410F3F
:10DDE0009FBF4FF0FF310160BDE8F00170474FF079
:10DDF000004242EA0123C1F3C752783A551112F0AA
:10DE00001F0C434CCCF120067C44C1F3C752A2F155
:10DE100078024FEA621204EB820254F8254008BFF0
:10DE2000D2E9015612D0556804FA0CF425FA06F727
:10DE30003C43976805FA0CF527FA06F8D26807FA0A
:10DE40000CFCF24045EA08054CEA0206A4FB034C30
:10DE5000A5FB0352A6FB03631D449D4234BF01266C
:10DE600000261319334416B1934202D903E09342BA
:10DE700001D2012200E00022624402F1200C92064D
:10DE8000DC0C42EA443200EE102A5B03DFED210A8B
:10DE9000F8EEC01A00EE103A4FEA9C1C11F0004F49
:10DEA000B8EE400AC0F800C020EE201A00EE105A6A
:10DEB000DFED190AB8EE400A20EE200A71EE810A61
:10DEC00070EE800A10EE902A02F500626FF30B02EA
:10DED00000EE902A70EEE11A31EEC11ADFED101A51
:10DEE00030EE411A9FED0D0A20EE800A01EE210A64
:10DEF0009FED0C1A00EE810A04BFBDE8F0017047E7
:10DF0000CCF180510160BDE8F001B1EE400A7047EC
:10DF1000A49B0000000000360000802C22AAFD29EE
:10DF2000DB0FC92F0000C92F30380A2801D2012089
:10DF300070470020704700002DE9F0410020B54BEC
:10DF40000022C0EB001119444A738A73C8730C7C19
:10DF500024F00704641C0C74401C0728F1DB072024
:10DF600007E0C0EB001119440C7C24F007040C748A
:10DF7000401C0728F5DBA849086810F8033F23F088
:10DF80003803103323F007035B1C0370038823F46A
:10DF900070730380437823F03C0320334370B0F860
:10DFA000053040F2213464F38C03A0F80530C488B6
:10DFB00040F20F3363F34F14C48084886FF3090475
:10DFC0000F34848004896FF3090412340481486893
:10DFD00010F8034F24F03804103424F00704641CB4
:10DFE0000470048824F470740480447824F03C04A1
:10DFF00020344470B0F805404FF46E7565F38C041E
:10E00000A0F80540C48863F34F14C48084886FF37C
:10E0100009040F34848004896FF3090412340481E5
:10E02000886810F8034F24F03804203424F00704E3
:10E03000641C0470048824F470740480447824F010
:10E040003C0408344470B0F8054040F2F65565F3DE
:10E050008C04A0F80540C48840F2B12565F34F1444
:10E06000C48084886FF309040A348480B0F80140C6
:10E070001E2565F38E14A0F8014044884FF4A57561
:10E0800065F3CF144480B0F80950322464F38C0552
:10E09000A0F80950458964F34F154581C86810F808
:10E0A000034F24F03804303424F00704641C047057
:10E0B000048824F470740480447824F03C041434FC
:10E0C0004470B0F80540D52565F38C04A0F80540F0
:10E0D000C48840F2CD2565F34F14C48084886FF363
:10E0E0000904A41C8480B0F80140162565F38E1441
:10E0F000A0F801408260086910F8034F24F038044A
:10E1000024F00704641C0470048824F470740480F0
:10E11000447824F03C0408344470B0F805404FF4CF
:10E120002F7666F38C04A0F80540C488822666F337
:10E130004F14C48084886FF30904241D8480B0F8D0
:10E14000094040F2C44767F38C04A0F809404489B1
:10E1500066F34F144481486910F8034F24F03804E3
:10E16000303424F00704641C0470048824F47074B0
:10E170000480447824F03C040C344470B0F805402A
:10E1800040F2751666F38C04A0F80540C48840F28E
:10E19000CE2666F34F14C48084886FF30904A41C50
:10E1A0008480B0F8014065F38E14A0F801408260CD
:10E1B000886910F8031F21F03801103121F00701A0
:10E1C000491C0170018821F470710180417821F0AF
:10E1D0003C0120314170B0F8051040F2524262F328
:10E1E0008C01A0F80510C18863F34F11C1808188AC
:10E1F0006FF309010F31818001896FF30901123139
:10E200000181044804F018FFBDE8F041782101487D
:10E2100003F05EBB8C330020AC06002070B50020FC
:10E220000024BF4A0125C0EB001111444C738D73CB
:10E23000C8730B7C23F007035B1C0B74401C07287E
:10E24000F1DB072007E0C0EB001111440B7C23F049
:10E2500007030B74401C0728F5DBB249C86910F8A6
:10E26000032F22F03802083222F00702521C0270FB
:10E27000028822F470720280427822F03C02183246
:10E280004270B0F8052040F2C62363F38C02A0F878
:10E290000520C2884FF4A07363F34F12C2808288B6
:10E2A0006FF30902D21C8280B0F809204FF4976303
:10E2B00063F38C02A0F80920428940F2EE2363F355
:10E2C0004F124281086A10F8032F22F038020832F8
:10E2D00022F00702521C0270028822F4707202803F
:10E2E000427822F03C0208324270B0F80520C22386
:10E2F00063F38C02A0F80520C2884FF4287363F3FF
:10E300004F12C28082886FF30902D21C8280B0F85B
:10E31000092040F21E2363F38C02A0F809204289F1
:10E3200040F20E3363F34F124281486A10F8032F14
:10E3300022F0380222F00702521C0270028822F4F6
:10E3400070720280427822F03C02121D4270B0F8D6
:10E3500005204FF43E7363F38C02A0F80520C388B8
:10E360004FF4077262F34F13C38083886FF309037E
:10E37000DB1C8380B0F8093040F28B4464F38C03DB
:10E38000A0F80930438962F34F134381886A10F87B
:10E39000032F22F0380222F00702521C027002887A
:10E3A00022F470720280427822F03C020C324270F9
:10E3B000B0F805204FF40C7363F38C02A0F805202D
:10E3C000C2883C2363F34F12C28082886FF3090234
:10E3D000D21C8280B0F8092040F2932464F38C02AE
:10E3E000A0F809204289EF2464F34F124281C86AE1
:10E3F00010F8032F22F0380222F00702521C02709C
:10E40000028822F470720280427822F03C02121DCF
:10E410004270B0F805204FF4577565F38C02A0F8F0
:10E420000520C58840F2A11262F34F15C58085888A
:10E430006FF30905AD1C8580B0F8095040F2254600
:10E4400066F38C05A0F80950458962F34F154581A4
:10E45000086B10F8032F22F0380222F00702521C3A
:10E460000270028822F470720280427822F03C022C
:10E47000121D4270B0F805501A0162F38C05A0F825
:10E480000550C58840F2E72666F34F15C58085889C
:10E490006FF30905ED1C8580B0F8095062F38C0517
:10E4A000A0F8095042894FF4AA7565F34F124281D2
:10E4B000486B10F8031F21F0380121F00701491CB7
:10E4C0000170018821F470710180417821F03C01D4
:10E4D0000C314170B0F8051040F24F5262F38C01DC
:10E4E000A0F80510C18863F34F11C18081886FF3D4
:10E4F0000901C91C8180B0F8091040F2EC4262F3B6
:10E500008C01A0F80910418964F34F11418104483E
:10E5100004F092FDBDE870407821014803F0D8B9BD
:10E5200004340020AC06002010B5244800214173BB
:10E5300002228273C173017C21F00701491C01741E
:10E540001F48806B10F8031F41F0380121F00701CC
:10E55000491C0170018821F470710180417821F01B
:10E560003C014170B0F805104FF4477262F38C0122
:10E57000A0F80510C18840F25E3262F34F11C180ED
:10E5800081886FF30901891C8180B0F80110142281
:10E5900062F38E11A0F801104188012262F3CF11BD
:10E5A000418008A109888181044804F06DFDBDE81F
:10E5B00010403C21014803F08BB900007C3400205E
:10E5C000AC0600204600000010B52448002141732D
:10E5D000022181730122C273017C21F00701491CD1
:10E5E00001741F48C06B10F8031F41F0380121F07F
:10E5F0000701491C0170018821F470710180417884
:10E6000021F03C014170B0F8051040F2B23363F3E1
:10E610008C01A0F80510C18840F25E3363F34F11FE
:10E62000C18081886FF30901891C8180B0F80110D5
:10E63000142363F38E11A0F80110418862F3CF1107
:10E64000418008A109888181044804F01DFDBDE8CE
:10E6500010403C21014803F03BB90000B8340020D1
:10E66000AC0600204100000010B525480021417390
:10E6700002218173C173017C21F00701491C0174DF
:10E680002048006C10F8031F41F0380121F0070109
:10E69000491C0170018821F470710180417821F0DA
:10E6A0003C010C314170B0F805104FF4B87262F3C0
:10E6B0008C01A0F80510C1884FF4417262F34F112C
:10E6C000C18081886FF30901891C8180B0F8011035
:10E6D000142262F38E11A0F801104188042262F323
:10E6E000CF114180C01E08A10F30F1F797FF0448F9
:10E6F00004F0CAFCBDE810403C21014803F0E8B832
:10E70000F4340020AC0600204652494300000000CB
:10E7100010B5264800214173022181730321C17382
:10E72000017C21F00701491C01742148406C10F85C
:10E73000031F41F0380121F00701491C01700188D5
:10E7400021F470710180417821F03C010831417061
:10E75000B0F8051040F29F5262F38C01A0F805104A
:10E76000C18840F22B3262F34F11C18081886FF370
:10E770000901891C8180B0F80110142262F38E1106
:10E78000A0F801104188092262F3CF114180C01E18
:10E7900008A10F30F1F742FF044804F075FCBDE812
:10E7A00010403C21014803F093B8000030350020B0
:10E7B000AC060020646972656374696F6E000000C6
:10E7C00010B5254800214173022181730422C273D0
:10E7D000017C21F00701491C01742048806C10F86D
:10E7E000031F41F0380121F00701491C0170018825
:10E7F00021F470710180417821F03C0114314170A5
:10E80000B0F80510CD2363F38C01A0F80510C18882
:10E810004FF4417363F34F11C18081886FF3090195
:10E82000891C8180B0F80110142363F38E11A0F8C5
:10E830000110418862F3CF114180C01E08A10F3042
:10E84000F1F7ECFE044804F01FFCBDE810403C2149
:10E85000014803F03DB800006C350020AC060020F4
:10E86000486967680000000010B500200A4AC0EB44
:10E87000001111440B7C23F007039B1C0B74401CFC
:10E880000728F4DB044804F0D7FBBDE810407821EA
:10E89000014803F01DB800008C33002010B50C4C6B
:10E8A000010E2170C0F3074212FB01F26280C0F337
:10E8B000072313FB01F3A380C0B210FB01F0E0803B
:10E8C00004490C686063086883630868C26310BD0C
:10E8D000A00600203012002070B52DED028B8AB00A
:10E8E00005460C4616460DB104B11EB90AB0BDEC82
:10E8F000028B70BD94ED000AB5EEC00AF1EE10FA7D
:10E900000DD194ED010AB5EEC00AF1EE10FA06D170
:10E9100094ED020AB5EEC00AF1EE10FA7DD09FED3B
:10E92000600AB0EE408A0020079008900990049099
:10E93000059006905B4A07CA01AB07C395ED010A33
:10E94000D5ED030A20EE200AD5ED000A95ED021A56
:10E9500000EEC10AF0EE000A20EE200A8DED070A53
:10E9600095ED000AD5ED010A20EE200AD5ED020A48
:10E9700095ED031A00EE810AF0EE000A20EE200A5F
:10E980008DED080A95ED000A20EE000AD5ED030A88
:10E9900095ED031A00EE810AF7EE000AB0EE001AB8
:10E9A00051EE000ACDED090A01AB22463146284658
:10E9B00000F07AF8D4ED000A60EEA00A94ED011A96
:10E9C000D4ED011A41EE210A94ED021AD4ED021A97
:10E9D00041EE210AB0EE600AF3F710FEB0EE408A75
:10E9E00094ED000A20EE080A84ED000A94ED010A75
:10E9F00020EE080A84ED010A94ED020A20EE080ACE
:10EA000084ED020A94ED010ADDED090A20EE200AE8
:10EA1000D4ED020A9DED081A00E03EE000EEC10AC6
:10EA20008DED040A94ED020ADDED070A20EE200ABE
:10EA3000D4ED000A9DED091A00EEC10A8DED050A1C
:10EA400094ED000ADDED080A20EE200AD4ED010A5B
:10EA50009DED071A00EEC10A8DED060A96ED000A3B
:10EA6000DDED010A9DED041A00EE810A86ED000A33
:10EA700096ED010ADDED020A9DED051A00EE810A10
:10EA800086ED010A96ED020ADDED030A9DED061AF8
:10EA900000EE810A86ED020A00BF00BF26E70000F3
:10EAA00000000000C06F01082DE9F0412DED048B3E
:10EAB00007460D4614461E469FED580AB0EE409A92
:10EAC0009FED560AB0EE408A9FED540AF0EE408A60
:10EAD000D4ED000A60EEA00A94ED011AD4ED011AFB
:10EAE00041EE210A94ED021AD4ED021A41EE210AF8
:10EAF000B0EE600AF3F782FDF7EE000A80EE801AAE
:10EB0000B0EE419AD5ED000AB0EE600AF3F708FCCA
:10EB1000F0EE409AD5ED010AB0EE600AF3F700FC82
:10EB200079EE809AD5ED020AB0EE600AF3F7F8FBB1
:10EB300039EE800AF0EE408A3948D0ED000A79EECD
:10EB4000600AB0EE600AF3F7EBFBB0EE408A9FED8F
:10EB5000350AB4EEC08AF1EE10FA06DC9FED320AF7
:10EB6000F4EEC08AF1EE10FA53DD9FED2C2AB0EEE0
:10EB7000420A9FED2A2AF0EE421AB7EE002AF0EE82
:10EB8000420A9FED262AB0EE421AB5EEC08AF1EE97
:10EB900010FA05DD9FED232AC2EE082AB0EE620AC4
:10EBA0009FED222AB4EEC20AF1EE10FA03D29FEDD5
:10EBB0001B2AB0EE420AF5EEC08AF1EE10FA05DD2E
:10EBC0009FED192AC2EE282AF0EE621AB7EE002A4B
:10EBD000B4EEC20AF1EE10FA03D220EE802AF0EE73
:10EBE000420AB7EE002AF4EEC21AF1EE10FA03D28E
:10EBF00020EEA12AF0EE420A9FED0D2A20EE822A95
:10EC0000B0EE421A86ED001A86ED011A86ED021A60
:10EC100000BFBDEC048BBDE8F081000000000000E7
:10EC200098070020CDCCCC3D8FC2F53D9A99993EF6
:10EC3000CDCC4C3E10B504460C480160012141602A
:10EC40000021816001462046F5F7BEFB08B1F5F7CB
:10EC500015F92046F5F742FD0A212046F5F7DAFCC2
:10EC60002046F5F76BFC80B210BD00007C3300201D
:10EC700010B52DED048B86B00446B0EE408AF0EE60
:10EC8000608AB0EE419A00200390049005900090B5
:10EC900001900290B0EE000AC8EE000AF0EE609A11
:10ECA000B0EE690AF3F73AFB8DED030AB0EE000A05
:10ECB000C8EE800AF0EE609AB0EE690AF3F72EFB18
:10ECC0008DED040AB0EE000AC9EE000AF0EE609A7B
:10ECD000B0EE690AF3F722FB8DED050AB0EE000AEB
:10ECE000C8EE000AF0EE609AB0EE690AF3F790FC05
:10ECF0008DED000AB0EE000AC8EE800AF0EE609AD0
:10ED0000B0EE690AF3F784FC8DED010AB0EE000A5B
:10ED1000C9EE000AF0EE609AB0EE690AF3F778FCEB
:10ED20008DED020A9DED050ADDED040A20EE200AB4
:10ED3000DDED030A20EE200ADDED020A9DED011A49
:10ED400060EE810A9DED001A00EE810A84ED000A52
:10ED50009DED020ADDED040A20EE200ADDED030A36
:10ED600020EE200ADDED050A9DED011A60EE810A14
:10ED70009DED001A00EEC10A84ED010A9DED050A21
:10ED8000DDED010A20EE200ADDED030A20EE200A67
:10ED9000DDED020A9DED041A60EE810A9DED001A78
:10EDA00000EE810A84ED020A9DED050ADDED040AFC
:10EDB00020EE200ADDED000A20EE200ADDED020A39
:10EDC0009DED011A60EE810A9DED031A00EEC10A65
:10EDD00084ED030A06B0BDEC048B10BD10B541EC08
:10EDE000100BFDF7DDFC51EC100B10BDF4EE000A2A
:10EDF000084820EE200ADFED050A20EE200ADFEDAC
:10EE0000040A20EE200A80ED3B0A704700007042A1
:10EE100000001042081F00204FF47A7002F05CFCE2
:10EE200002F0FEF8064C01F07DFD84ED000A00F0D2
:10EE300065FB84ED010A642002F04EFCF3E700005C
:10EE400054020020F8B5002000900024F3F788FC5D
:10EE50008020F3F7FDFD5520F3F7FAFD5520F3F779
:10EE6000F7FD0090F3F774FC9620F3F7DAFCF3F764
:10EE700077FC8020F3F7ECFD5520F3F7E9FD5520F2
:10EE8000F3F7E6FD0090F3F763FC9620F3F7C9FC77
:10EE9000F3F766FCB6217E20F3F702FEF3F758FC89
:10EEA0005020F3F7BCFCF3F75BFC8020F3F7D0FDB8
:10EEB0005520F3F7CDFD5520F3F7CAFD0090F3F789
:10EEC00047FC9620F3F7ADFCF3F74AFC8020F3F7FC
:10EED000BFFD5520F3F7BCFD5520F3F7B9FD0090B9
:10EEE000F3F736FC9620F3F79CFC9DF800001E28F3
:10EEF00001D0FF20F8BD194FF3F732FC04EB4405B5
:10EF0000EE19785D7178F3F7CBFDF3F721FC9620CD
:10EF1000F3F787FCF3F724FC785D40F08000F3F70B
:10EF200097FD5520F3F794FD5520F3F791FD0090E0
:10EF3000F3F70EFC9620F3F774FC70789DF8001040
:10EF4000884204D004EB440038448078F8BD641C47
:10EF5000E4B2062CD0D30020F8BD0000A4020020AB
:10EF6000F0B587B000200290039001900024F3F7E1
:10EF7000F7FB8020F3F76CFD5520F3F769FD552072
:10EF8000F3F766FD0190F3F7E3FB9620F3F749FCF6
:10EF9000F3F7E6FB8020F3F75BFD5520F3F758FD10
:10EFA0005520F3F755FD0190F3F7D2FB9620F3F7C8
:10EFB00038FCF3F7D5FBB6217E20F3F771FDF3F7AC
:10EFC000C7FB5020F3F72BFCF3F7CAFB8020F3F7C5
:10EFD0003FFD5520F3F73CFD5520F3F739FD019037
:10EFE000F3F7B6FB9620F3F71CFCF3F7B9FB802090
:10EFF000F3F72EFD5520F3F72BFD5520F3F728FDF1
:10F000000190F3F7A5FB9620F3F70BFC9DF80400A5
:10F010001E2802D0FF2007B0F0BD7C4FF3F7A0FB05
:10F0200004EB4405EE19785D7178F3F739FDF3F7D9
:10F030008FFB9620F3F7F5FBF3F792FB785D40F03A
:10F040008000F3F705FD5520F3F702FD5520F3F797
:10F05000FFFC0190F3F77CFB9620F3F7E2FB70785E
:10F060009DF80410884204D004EB440038448078B2
:10F07000D1E75020F3F7D3FB641CE4B2042CCDD3CA
:10F080000024F3F76DFB201D00EB4005EE19785DC1
:10F090007178F3F705FDF3F75BFB9620F3F7C1FBFF
:10F0A000F3F75EFB785D40F08000F3F7D1FC55206C
:10F0B000F3F7CEFC5520F3F7CBFC0190F3F748FBB8
:10F0C0009620F3F7AEFB70789DF80410884205D0C7
:10F0D000241D04EB4400384480789CE75020F3F76B
:10F0E0009EFBF3F73DFB9220F3F7B2FC062202A948
:10F0F0001220F3F78FFCF3F72BFB9DF8090004AA0D
:10F1000001029DF80800014304EB440022F81010AE
:10F110009DF80B109DF80A3002EB400043EA0121F4
:10F1200041809DF80D109DF80C2042EA012181805C
:10F13000641CE4B2022CA4D3F3F712FB00216D206F
:10F14000F3F7AEFCF3F704FB9620F3F76AFBF3F753
:10F1500007FBED20F3F77CFC5520F3F779FC5520F5
:10F16000F3F776FC0190F3F7F3FA9620F3F759FBE7
:10F170009DF8040008B104204DE7F3F7F1FAB62139
:10F180007E20F3F78DFCF3F7E3FA5020F3F747FB0B
:10F19000BDF91000BDF91610411A40F255508142D8
:10F1A0000EDBBDF91210BDF91820891A814207DB68
:10F1B000BDF91400BDF91A10401AB0F52A7F01DA22
:10F1C000802028E7F3F7CCFA8020F3F741FC5520A4
:10F1D000F3F73EFC5520F3F73BFC0190F3F7B8FA48
:10F1E0009620F3F71EFBF3F7BBFA8020F3F730FC11
:10F1F0005520F3F72DFC5520F3F72AFC0190F3F787
:10F20000A7FA9620F3F70DFB002004E70C61010834
:10F21000F8B5002400200090F3F7B4FA6946002006
:10F22000F3F70AFCF3F7A6FA9620F3F7FAFAF3F7E6
:10F23000A9FA69460020F3F7FFFBF3F79BFA962043
:10F24000F3F7EFFAF3F79EFAB6211420F3F728FC50
:10F25000F3F790FA5020F3F7E2FAF3F793FA6946DE
:10F260000020F3F7E9FBF3F785FA9620F3F7D9FAD4
:10F27000F3F788FA69460020F3F7DEFBF3F77AFA32
:10F280009620F3F7CEFA9DF800000F2801D0FF205A
:10F29000F8BD154FF3F776FA04EB4405EE19785DE7
:10F2A0007178F3F7FDFBF3F765FA9620F3F7B9FAF7
:10F2B000F3F768FA785D6946F3F7BEFBF3F75AFA9D
:10F2C0009620F3F7AEFA70789DF80010884204D0CB
:10F2D00004EB440038448078F8BD641CE4B2062C8A
:10F2E000D8D30020F8BD0000B602002038B50020B9
:10F2F00000900024F3F746FA69460020F3F79CFBE0
:10F30000F3F738FA9620F3F78CFAF3F73BFA6946ED
:10F310000020F3F791FBF3F72DFA9620F3F781FA2B
:10F32000F3F730FAB6211420F3F7BAFBF3F722FA19
:10F330005020F3F774FAF3F725FA69460020F3F743
:10F340007BFBF3F717FA9620F3F76BFAF3F71AFA49
:10F3500069460020F3F770FBF3F70CFA9620F3F7F9
:10F3600060FAF3F70FFA01213C20F3F799FBF3F76A
:10F3700001FA5020F3F753FAF3F704FA69463C20F8
:10F38000F3F75AFBF3F7F6F99620F3F74AFA641C01
:10F39000E4B29DF80000800701D40A2CECD30A2CBB
:10F3A00005D09DF80000400703D5402038BD40201F
:10F3B00038BD002038BD000018B5374B984201D148
:10F3C000364A03E0364B984200D1364A106843680B
:10F3D0001B050BD5536B13B11B685B6823B9936B8B
:10F3E00023B11B685B680BB1012018BD002309E045
:10F3F0005B1C9BB2642B05D9016841F4007101606C
:10F40000002018BD8469A407F2D4036823F40063C4
:10F4100003601068036843F480730360002013687E
:10F4200009E0401C80B2642805D9186840F40070D7
:10F430001860002018BD5C69E407F2D001F0FE00FE
:10F44000186100214FF4FA73106809E0491C89B271
:10F45000994205D9016841F400710160002018BD8E
:10F4600042699207F2D5416981690091002109E062
:10F47000491C89B2994205D9016841F400710160C3
:10F48000002018BD42691206F2D5016841F40071EE
:10F490000160012018BD000000540040240F00202E
:10F4A00000580040780F002038B5084D6424A84269
:10F4B00004D107480094F6F755FC38BD054DA84225
:10F4C000FBD105480094F6F74DFC38BD00540040D0
:10F4D000240F002000580040780F0020024900202F
:10F4E0000968C86370470000E8110020024A1368E9
:10F4F00098621068C1637047E811002060EE000A4E
:10F5000020EE801A10EE100A23499FED242AF7EE10
:10F51000002A884202DAB0EE420A2DE010EE100A0C
:10F520001F49884210DADFED1F1A21EE211ADFEDA4
:10F530001E1A00EEE11ADFED1D0A00EE201A9FED03
:10F540001C0A31EE400A17E010EE100A19498842F1
:10F5500010DADFED191A21EE211ADFED181A00EE8C
:10F56000E11ADFED170A00EE201A9FED160A31EEC0
:10F57000400A01E0B0EE620AB5EEC00AF1EE10FA00
:10F5800002D2B0EE420A704710EE100AB0F17E5F70
:10F59000F9DDB0EE620A704700009C4100000000F7
:10F5A0003333AF411399B93BFB5CAD3EE17AD840B0
:10F5B00014AE34420000CC4161E0B93C46B6D33FC2
:10F5C000295C21423333A44310B502464FF6FF7045
:10F5D000002A0CD0064C07E012F8013B4340DBB296
:10F5E00034F8133083EA1020491E4B1CF4D110BDAF
:10F5F0009E6D010810B5FF22054C03E010F8013B99
:10F600005340E25C491E4B1CF8D1104610BD00006F
:10F610009E6C010810B52DED068B9FED298A2948B7
:10F62000DFED290A9FED291A90ED080A284C60EEBB
:10F63000200A80EE810A84ED050AFDF7A1FCF0EEB8
:10F64000408A94ED050AFDF7B3FD9FED22AA28EE4E
:10F65000009ADFED210A00EEA89A60EE809A48EE4B
:10F66000689ADFED1EAAB0EE6A0AFDF7C3FEDFED71
:10F670001C8AB0EE008AB0EE6A0AFDF7BBFE20EEEF
:10F68000080AC8EE800A20EEA90AC0EE090A9FED1A
:10F69000150A30EE800AB5EEC00AF1EE10FA01D27A
:10F6A000B0EE4A0A10EE100A0F49884201DD9FEDC4
:10F6B0000F0ABDEC068BBDEEC00A10EE100A10BD9D
:10F6C000CDCC4C3F4C200020DB0F494000003443A0
:10F6D00030020020000000009A99193FAE439B3F82
:10F6E0000000F04400000744000087440000874405
:10F6F00010B504462DED028BEC3454F8AC0C06F03A
:10F70000FBF941EC100BFDF7D7FB9FED2B1B51ECE8
:10F71000100B53EC112B05F0F1FB41EC180B54F8D6
:10F72000780C06F0E9F953EC182B05F0E3FE04F031
:10F7300081FE606754F80C0C06F0DEF941EC100B0A
:10F74000FDF7BAFBB0EE408AF0EE608A54F8200C68
:10F7500006F0D2F953EC182B05F0D0FB41EC180B56
:10F76000606F06F0C9F953EC182B05F0C3FE04F0E6
:10F7700061FEA067606806F0BFF941EC100BFDF771
:10F780009BFBB0EE408AF0EE608A54F81C0C06F049
:10F79000B3F953EC182B05F0B1FB41EC180B606F7B
:10F7A00006F0AAF953EC182B05F0A4FE04F042FE73
:10F7B000E067BDEC028B10BD000000A099992340CA
:10F7C0002DE9F84300250026DFF87890DFF87880EF
:10F7D00005EB850000EBC50707EB08042079D4F89A
:10F7E000051000F07F0206EB090000F0A6FF20796B
:10F7F00000F07F0006EB800086B20122694606EB2E
:10F80000090000F09AFF9DF8000008F807009DF835
:10F81000010060709DF80200A0709DF80300E07088
:10F82000361DB6B2552806D0D4F8090018B1207993
:10F8300040F0800020716D1CEDB2052DC8D3BDE8ED
:10F84000F883000000000A085421002001207047BE
:10F8500010B50A4601460C30002A03D0012A05D013
:10F86000002010BDF8F764FF002010BD0D4AF8F726
:10F870002DFF0C4844F6206208380189914208D9CE
:10F8800000210181FFF72AFE2420FAF71DF901204B
:10F8900010BDFAF737F942F210715F20FFF726FE2C
:10F8A000002010BDA801002000290BD0002101700C
:10F8B0002821C17043F23901A0F8011002494160CA
:10F8C00001207047012070470000B0412DE9F04150
:10F8D00000201A4B1A4D03F1240403F1100600EB2B
:10F8E000800101EBC00129441F5C0A7967F306021D
:10F8F0000A7156F82020C1F8052054F82020C1F8DC
:10F900000920401CC0B20528E9D3FFF759FF0024A5
:10F9100004EB840000EBC4002844C178552906D1CB
:10F92000D0F809201AB156F8240000219047641C31
:10F93000E4B2052CECD3BDE8F0810000BC0100204E
:10F940005421002000B58BB00121099100200790BF
:10F95000089101900290039004900690059001A9EF
:10F960000C48F4F7D9FF0B48F5F7A1FD022109482F
:10F97000F4F748FF0E200A90069001A90648F4F714
:10F98000CBFF0548F5F793FD02210348F4F73AFF52
:10F990000BB000BDD40E0020FC0E002070B5044654
:10F9A0002DED048B9FEDFE8ADFEDFE8A04F5806568
:10F9B000002C7CD020786070A078E0702079607195
:10F9C000A079E071207A6072A07AE072607DA07503
:10F9D000E07D2076607BA073E07B207494F8440681
:10F9E00084F8450694F86C0684F86D0694F894063D
:10F9F00084F8950694F8BC0684F8BD0694F8E406ED
:10FA000084F8E50694F8140784F81507D4F840063E
:10FA1000D5ED940A90ED010A70EE600AB3EE0E0A7D
:10FA200070EE800AC5ED920AD4F8681695ED9E1A1C
:10FA3000D1ED010A70EEC10A70EEC00AC5ED9C0A54
:10FA4000D4F8902695EDA81AD2ED010A70EEC10AFD
:10FA500070EEC00AC5EDA60AD4F8B83695EDB21A14
:10FA6000D3ED010A70EEC10A30EE800A85EDB00ACE
:10FA700090ED020A85ED950A91ED020A85ED9F0A47
:10FA800092ED020A85EDA90A93ED020A85EDB30A0B
:10FA900090ED030A85ED970A91ED030A85EDA10A21
:10FAA00092ED030A85EDAB0A93ED030A00E09FE1B6
:10FAB00085EDB50AD4F8E006B0F9040000EE100AAE
:10FAC000B8EEC00A20EE281ADFEDB70A81EE200A50
:10FAD0009FEDB61A20EE010A85EDBF0AD4F8100793
:10FAE000B0F90400404201EE900AF8EEE11A61EE2E
:10FAF000A81A81EEA02A62EE010AC5EDCB0A70EECB
:10FB0000200AB6EE000A20EE800A84ED550A84ED44
:10FB1000560A10EE100A05F0EFFF41EC100BFDF74E
:10FB2000D7FA9FEDA32B51EC100B53EC122B05F0E1
:10FB3000A9F90BD2607B48B9E07B38B994ED520A41
:10FB4000D4ED560A00EE880A84ED520AD5ED9F1ACC
:10FB500095ED9C1AD5ED950A95ED920A0121204666
:10FB6000F4F78EF9D5EDA91A95EDA61AD5EDB30ADD
:10FB700095EDB00A00212046F4F782F9D4F8B802D6
:10FB800090ED020A84ED140A90ED010A84ED150A45
:10FB900090ED000A84ED160AD4F8BC0290ED000A3C
:10FBA00084ED1B0A90ED010A84ED1C0A90ED020A17
:10FBB00084ED1D0AD4F8B402B0EE681A90ED000A84
:10FBC000DFED7D9AF0EE690A01F0EAFB84ED0D0AA3
:10FBD000D4ED0E0A794E70EE601AC6ED0D1A11EED4
:10FBE000900A7749B7EE009A884206D9D4ED130AF5
:10FBF00070EE890AC4ED130A0AE011EE900A714909
:10FC0000884205DDD4ED130A70EEC90AC4ED130A6B
:10FC100094ED131ADFED6C1AF0EE400A41EE210A62
:10FC2000C4ED0F0A84ED0E0AD4F8B402B0EE681ADF
:10FC3000F0EE690A90ED010A01F0B2FB84ED100AC2
:10FC4000D4F8B402D0ED020AC4ED110AD4ED380A9A
:10FC500070EE800AC4ED380A94ED3C1A31EE001AB9
:10FC600084ED3C1AD4ED401A94ED150A71EE801A19
:10FC7000C4ED401AD4ED411A31EE800A84ED410AF8
:10FC8000207B70B19FED510A84ED330A84ED340A74
:10FC900094ED2F0A84ED310A94ED300A84ED320A96
:10FCA00023E094ED2F0AD4ED311A30EE610A80EE94
:10FCB000082A96ED010AD4ED352A79EE401A61EE54
:10FCC000A22A40EE022AC4ED332A94ED302AD4ED64
:10FCD000322A72EE622A82EE882AD4ED362A61EE4A
:10FCE000A21A40EE021AC4ED341A04F5117444ED60
:10FCF000580A04ED541A14ED6A0A04ED690A14ED69
:10FD0000680A04ED670A14ED620A04ED600A14ED56
:10FD1000610A04ED5F0A14ED5E0A04ED5C0A14ED5D
:10FD20005D0A04ED5B0AD4F8000390ED030A03F0CA
:10FD3000B5F885ED850AE06F90ED000A244802F0E1
:10FD40000BFBE06F90ED010A2148143002F004FB38
:10FD5000E06F90ED020A1E48283002F0FDFA1C48C0
:10FD60009FED1C8ADFED1C8A90ED010A1430B5EE80
:10FD7000C00AF1EE10FA3EDB60EE000A90ED010AD7
:10FD800040EE000A10EE900A05F0B6FE41EC100BB2
:10FD9000FDF7D6FA51EC100B04F04CFB1EE000000E
:10FDA0006F12033BDB0F4940000034437368913D01
:10FDB000000000403333E33FDB0F49C04000002028
:10FDC000DB0F49C0DB0F4940DB0FC94000000000DA
:10FDD000AC1C0020CDCC0C40CDCC0CC000EE100AE9
:10FDE000B0EE481AF0EE680A00F0C2FC86ED100A88
:10FDF000BDEC048B70BD60EE000A90ED010A40EE90
:10FE0000000A10EE900A05F077FE41EC100BFDF7AA
:10FE100097FA51EC100B04F00DFB00EE100AB0EE57
:10FE2000481AF0EE680A00F0A3FCB1EE400A86ED35
:10FE3000100ADDE72DE9F04104462DED048B002C7E
:10FE40007DD04FF4C86003F089FBF8F7DCF8F9F7D0
:10FE500039FB012003F082FB002000F0BFFCC4F856
:10FE60004006012000F0BAFCC4F86806022000F049
:10FE7000B5FCC4F89006032000F0B0FCC4F8B80646
:10FE8000002000F0B7FCC4F8E006012000F0B2FC4E
:10FE9000C4F8100700F0B2FDC4F8440500F0A6FC59
:10FEA000C4F8B40200F062FDC4F8B80200F0B0FC7F
:10FEB000C4F8BC0200F0A8FCC4F8C00201276770B7
:10FEC00027700026E670A6706771277184F8456672
:10FED00084F8446684F86D6684F86C6684F89566E8
:10FEE00084F8946684F8BD6684F8BC6684F8E56698
:10FEF00084F8E46684F8156784F81467D4F840063B
:10FF000004F5806590ED010A85ED940AD4F8681631
:10FF1000D1ED010AC5ED9E0AD4F8902692ED011AA2
:10FF200085EDA81AD4F8B836D3ED011AC5EDB21A8A
:10FF300090ED012A32EE402AB3EE0E0A00E0D5E041
:10FF400032EE002A85ED922A91ED012A72EE600AC6
:10FF500070EEC00AC5ED9C0AD2ED010A70EEC10A2E
:10FF600070EEC00AC5EDA60AD3ED010A70EEE10AF3
:10FF700030EE800A85EDB00AD5EDBD0A9FED5D0A31
:10FF800080EE801ADFED5C0A21EE201A85EDBB1AA7
:10FF900095EDC91A30EE411AC1EE001A21EEA00A01
:10FFA00085EDC70AF2EE040AB2EE040A534A0021B4
:10FFB00004F23440F9F724FDF2EE080A9FED508A6E
:10FFC0004E4A0021B0EE480A0C3204F27C40F9F7A8
:10FFD00017FD4A4AF2EE080AB0EE480A0C32002138
:10FFE00004F2C440F9F70CFD27732046FFF7D6FC56
:10FFF00026739FED440A85ED870A9FED438AB0EE94
:020000040801F1
:10000000481ADFED428AF0EE680A9FED419A4148B6
:10001000B0EE490A02F0CFF93E48B0EE481AF0EED1
:10002000680AB0EE490A143002F0C5F93948BAEE50
:100030000E1AF2EE0E0A9FED380A283002F0BBF9D4
:100040009FED362A84ED942A9FED350A84ED950ABA
:100050009FED340A84ED960A9FED330A84ED970AEA
:10006000DFED320AC4ED980ADFED310AC4ED990ADA
:100070009FED301A84ED9A1A9FED2F1A84ED9B1A8A
:100080009FED2E1A84ED9C1ADFED2D1AC4ED9D1AFA
:10009000DFED2C1AC4ED9E1ADFED2B2AC4ED9F2A4A
:1000A00084EDA02A9FED292A84EDA12A9FED282A1C
:1000B00084EDA22A84EDA30A9FED260A84EDA40A0A
:1000C000C4EDA50A9FED240A84EDA60A9FED230A3C
:1000D00084EDA70A84EDA81A9FED210A84EDA90AF0
:1000E000C4EDAA1A9FED1F0A84EDAB0ABDEC048B88
:1000F000BDE8F0810000B4430168E43E40600108BF
:100100000000C84200003343CDCC0CC0CDCC0C4025
:10011000A69B443BAC1C00206F12833B022B073E86
:10012000AE47F1BF51DA9B3DE7FB694073D752BE42
:10013000C685033D9D9D8C3DFED41840F31F22BF14
:100140007D3F95C0DF4F1540FA27383CA470EDBFC6
:1001500051DA9BBD2B87563E9D9D8CBDFED418C0A9
:100160007D3F9540FA2738BC2DE9F04704462DED38
:10017000028B002C76D02078012538B960780128D0
:1001800004D1A57094ED0F0A84ED1E0AA078002614
:100190004FF002084FF00409012812D1206C05F03D
:1001A000ABFC41EC100BFCF793FF9FED6F1B51EC88
:1001B000100B53EC112B04F065FE02D284F8028080
:1001C00047E0A078022803D0694F032803D005E058
:1001D0000320A0703DE02178012904D09FED658BBC
:1001E00004280AD035E0387820B994ED240A87ED48
:1001F000110A3D7084F802902BE094ED270AD7EDA8
:10020000080A30EE600A10EE100A05F075FC41ECA9
:10021000100BFCF75DFF53EC182B51EC100B04F0A6
:1002200031FE14D394ED290AD7ED080A30EE600AA6
:1002300010EE100A05F060FC41EC100BFCF748FFD3
:1002400053EC182B51EC100B04F01CFE01D2A670DD
:100250003E702079032809D16179032906D0A57160
:1002600026726676BDEC028BBDE8F0870627032870
:1002700002D0A6712772F5E7A079012801D0277274
:10028000F0E7207A4FF4FA7A0728EBD2DFE800F0A3
:1002900005530B04213F6800E4E784F8088003F06D
:1002A000BBFEE061DEE72046F3F7D4FA30B16576B5
:1002B00084F8089003F0B0FE2062D3E703F0ACFEB0
:1002C000E169401A40F6B8318842CBD927722571CE
:1002D000C8E72A48D4F89C1081420FDBD4F8A41058
:1002E00081420BDB03F098FE216A401A322805D9BF
:1002F0000520207203F090FE6062B3E703F08CFEED
:10030000216A401A5045ADD927722571AAE71C48C9
:10031000D4F89C10814205DCD4F8A410814201DCA1
:1003200025729FE703F078FE616A401AB0F5967F68
:1003300098D9257296E7E07B48B9607B38B903F01D
:100340006BFE616A401A504501D927728AE703F0B3
:1003500063FE616A401AB0F5FA6F83D9277281E7AC
:100360002672257166767DE7000000A09999C93F45
:1003700040000020000000E051B88E3F7B14AE3EEC
:10038000AE47E13D70B504461548164D008900EEB4
:10039000100AB8EE400A85ED020A01F0EBF9D5ED3E
:1003A000000A9FED111ADFED111A60EE810A40EE8E
:1003B000210AC5ED000A95ED012A22EE011A00EE90
:1003C000211A85ED011A94ED570A20EE200A84EDDA
:1003D000570A94ED210A20EE010A84ED210A70BD2E
:1003E0003B240020480200206666663FCDCCCC3D11
:1003F0002DE9F0410446002C21D0D4F8C002022798
:10040000012690F820000025D8B102281BD02570C5
:100410002078D0B102283FD0A078042849D084F8B1
:10042000445684F86C5684F8945684F8BC5684F884
:10043000E45684F81457A078032847D02571BDE806
:10044000F0812670E4E72770E2E784F8446684F8D8
:100450006C6684F8946684F8BC6684F8E46684F874
:10046000146703F0D9FDD4F8E0160969411A64292C
:1004700005D8D4F810170969401A6428DBD984F824
:10048000445684F86C5684F8945684F8BC5684F824
:10049000E45684F81457CEE784F8445684F86C5632
:1004A00084F8945684F8BC5684F8E46684F814679B
:1004B000C1E784F8446684F86C6684F8946684F82E
:1004C000BC6684F8E46684F81467B4E7A07C08B1DD
:1004D0002771B4E721790320032902D1217A062963
:1004E000ADD1D4F8C01291F8221009B12071A6E75D
:1004F0002671A4E740F2651003F030F81348FFF7C7
:1005000099FC134C1148FFF749FA1048F2F71AFC0E
:100510000E48FFF76DFF0D48FFF726FE0B48FBF76F
:100520007FFB0A48FFF72EFF0848F2F7F1FC074867
:10053000F3F722F80548F8F769FF022003F00EF8F8
:10054000002002F0D7FE2063DCE7000060150020E9
:1005500040000020064807490068B0FBF1F2064958
:100560000A704FF47A72B0FBF2F0486070470000F6
:100570000007002040420F009806002070B50021BF
:100580004FF0E0256C690A4A12785043AB69AA69BA
:100590009A42FCD003D2A3EB0203194403E0A4EB7C
:1005A00002063344194413468142F0D370BD000063
:1005B0009806002010B500EBC001144800EB810440
:1005C0002068606003F028FD2060E17C4A0603D5C6
:1005D00021F04001E174E060A06990B1804758B11A
:1005E000E07C40F0200040F08000E074206A0028A9
:1005F00006D0BDE810400047E07C20F08000E074A9
:1006000010BDE07C20F08000E07410BD952100203A
:100610000FB42DED020B9DED021ADDED031A01EE74
:10062000801ADDED041A01EEA01ADDED051A61EE67
:10063000801A01EE801ADDED061A21EE800A00EE26
:10064000201A9DED070A60EE201AB0EE410A01EE75
:10065000A00A06B0704782B0CDE9000121F0004049
:1006600001909DED000B02B051EC100B7047EFF3C1
:10067000108272B643680169994201D9016801612B
:10068000016911F8013B01618168491C8160C16801
:10069000491EC16082F310881846704701608B18AC
:1006A0005B1E436082600022C260016141610020E4
:1006B00070472DE9F04704468846EFF3108772B67D
:1006C000B8F1000F32D0A5687DB3616860698842D7
:1006D00001D920686061954200DD154660690E1AF7
:1006E000761CAE4207DB2A464146EFF7DAFF606927
:1006F000284460610EE0A5EB060932464146EFF75B
:10070000D0FF08EB06014A462068EFF7CAFF2068D1
:1007100048446061A068401BA060E0682844E06035
:10072000284687F31088BDE8F087FFE787F3108835
:100730004FF0FF30F7E7C068704703460846920065
:100740001946EFF7AEBF31EE601A0121814070EE1D
:10075000600A491E00EE101AB8EEC00A20EE800AA8
:10076000C0EE010ABCEEE00A10EE100A80B270473B
:10077000B4EEE00AF1EE10FA02D2B0EE600A704771
:10078000B4EEC10AF1EE10FAF9DDB0EE410A70479D
:1007900010B503461046002B01D0084C0AE04FF676
:1007A000FF7010BD13F8012B4240D2B234F8122072
:1007B00082EA1020491E4A1CF4D110BD9E6A01082D
:1007C00010B5054C03E010F8013B5340E25C491EB4
:1007D0004B1CF8D1104610BD9E690108024900F07B
:1007E000030001EB00107047842E00200048704782
:1007F000441E002000F00100024900EB800001EBE4
:10080000800070475C2E0020004870475020002078
:10081000004870471C1E00202DE9F04104460D469B
:1008200016461F4614B10DB106B10FB9BDE8F081EF
:10083000D4ED010A94ED031A60EE810A94ED001ADA
:10084000D4ED021A41EE610AB8EE001A60EE810A98
:10085000B0EE600AF1F75EFD86ED000A94ED001A35
:1008600021EE011AD4ED011A94ED012A01EE821A4B
:10087000F7EE001AB0EE002A52EE011AF0EE610A0D
:1008800094ED001AD4ED031A21EE211AD4ED011AC9
:1008900094ED022A01EE821AF0EE001A21EE211ADE
:1008A000B0EE410AF1F738FD85ED000A94ED001A2B
:1008B00021EE011AD4ED031A94ED032A01EE821AF7
:1008C000F7EE001AB0EE002A52EE011AF0EE610ABD
:1008D00094ED001AD4ED011A21EE211AD4ED021A7A
:1008E00094ED032A01EE821AF0EE001A21EE211A8D
:1008F000B0EE410AF1F710FD87ED000A00BF95E761
:100900000648DFED070A90ED010A20EE200ABCEE52
:10091000C00A10EE100A80B2704700005402002096
:100920000000C84210B508210848FEF783F900EE20
:10093000100A0748B8EE400AD0ED000A20EE200A5F
:10094000DFED040A20EE200A10BD00008C0E00200E
:10095000A80600205D742141014890F9030070470A
:10096000C1010020004870479521002000487047D1
:10097000101E00201CB501290AD0022912D000F552
:100980002074032918D004291FD09FED150A1CBD1F
:1009900000F51470D0E90412CDE900120FC8FFF77A
:1009A00037FE1CBD00F51A70D0E90412CDE9001223
:1009B0000FC8FFF72DFE1CBD00F5247003C8CDE95C
:1009C00000010FCCFFF724FE1CBD00F52670D0E916
:1009D0000412CDE900120FC8FFF71AFE1CBD00007B
:1009E000000000000249D1F80310016070470000C8
:1009F0001802002000487047482E00200048704729
:100A0000202E002010B586B00446194890E80E004C
:100A10000391CDE90423D0E903124069CDE9001226
:100A20000290FFF7F1FE2060FFF7E8FF606094EDB1
:100A3000330A84ED340A002084F8C8009FED0D0AC3
:100A400084ED390AF2EE040AB3EE0E0A03AA00217D
:100A500004F13800F8F7D4FFDFED070A9FED070A2D
:100A60006A46002104F18000F8F7CAFF06B010BD05
:100A7000586001080000000000A00C460060EA4633
:100A800010B5044694F8C800002816D0012813D1E8
:100A9000D4ED340A94ED330A04F13800F8F700FF7E
:100AA000D4ED160A94ED390A04F18000F8F7F8FE47
:100AB00094ED280A84ED3E0A10BD9FED030A84EDF3
:100AC0003E0A84ED390A10BD0000000070B50446EE
:100AD0002DED028B206890ED050A84ED330A8569BF
:100AE000D4F8E80005F008F89FED111B53EC112B2A
:100AF00004F004FA41EC180B284604F0FDFF9FEDCA
:100B00000E1B53EC112B04F0F9F953EC182B03F0E6
:100B1000F3FD03F08FFCC4F8E400C4F8E80060685B
:100B200090ED030A84ED350ABDEC028B70BD000028
:100B30009A9999999999A93F666666666666EE3FA5
:100B400090F8C810002907D0012904D1016891ED5F
:100B5000040A80ED340A704790ED330A80ED340AC0
:100B60007047026892F82010002904D0012906D0AD
:100B7000022904D006E0002180F8C81002E001211B
:100B800080F8C81092F82010032902D1022180F8C1
:100B9000C81070471848FFF735FF02F031F8164CBF
:100BA0001548FFF7DEFF1448FFF790FF1248FFF7E4
:100BB000C7FF12491048FFF763FF01F011FFC4F8A7
:100BC000000194F8C81081B194ED3E0AB0F9F82004
:100BD0000023BDEEC00A194610EE100A00B2F2F76B
:100BE0008DF8012002F0BAFCDAE700231A46194614
:100BF0001846F2F783F8F4E7E81C0020601500209F
:100C0000002820D000291ED0002A1CD0D0ED000AD8
:100C100091ED001A9FED0C0A41EE400AC0ED000A6A
:100C2000D0ED010A91ED011A41EE400AC0ED010A32
:100C3000D0ED020A91ED021A41EE400AC0ED020A1F
:100C40001088401C1080704752499D39C17B1E4B53
:100C50009FED1E0A012913D1D3ED250A90ED411A0B
:100C6000D0ED3C1A60EE810A90ED3E1A31EE611A29
:100C7000D3ED241A41EEC10AC0ED620A80ED640A88
:100C8000427B012A13D1D0ED3A0A90ED381AD0ED0B
:100C9000401A70EEC10A93ED181A60EE810A93EDC6
:100CA000191A41EE610AC0ED610A80ED630A01295B
:100CB00003D180ED5C0A80ED5E0A012A03D180ED4C
:100CC0005B0A80ED5D0A7047DC3200200000000006
:100CD0002DE9F04F099D0024DFF8D8C0DFF8D8A037
:100CE0000CF124080AF1180B08F124090AF1340E5A
:100CF00004EB44060CEB860793ED050AD7ED000ADA
:100D000097ED011A20EE200AD3ED060A00EE810AC3
:100D1000D3ED070A97ED021A0AEB840700EE810A69
:100D2000D7ED000A00EB840730EE200A87ED000AB9
:100D300008EB860793ED010AD7ED000A97ED011A3B
:100D400020EE200AD3ED020A00EE810AD3ED030A59
:100D500097ED021A0BEB840700EE810AD7ED000A2B
:100D600001EB840730EE200A87ED000A09EB8606C6
:100D700095ED010AD6ED000A96ED011A20EE200A43
:100D8000D5ED020A00EE810AD5ED030A96ED021AAE
:100D90000EEB840600EE810AD6ED000A02EB840613
:100DA00030EE200A86ED000A641CE4B2032C9FD3C7
:100DB000BDE8F08FEC000020801E002070B55020B0
:100DC000EFF3118480F31188BFF34F8FBFF36F8F60
:100DD0003E4B1878C5073E48D0E9121224D0086867
:100DE0000068C00720D110680068C0071CD158787F
:100DF000800719D49878800716D4187820F001005D
:100E00001870187840F00200187000220121314853
:100E1000F4F7C4FE2D4908222031A1F10800F8F7AB
:100E2000B5FE84F3118870BD5878C5072A4822D0D2
:100E30000D682D68ED071ED115682D68ED071AD1D4
:100E40001D78AD0717D49D78AD0714D4597821F0DB
:100E500001015970597841F00201597000221021A6
:100E6000F4F79CFE194809221C492830F8F78EFE39
:100E700084F3118870BD9D78ED0723D00968096857
:100E8000C9071FD111680968C9071BD119788907DB
:100E900018D45978890715D4997821F001019970EF
:100EA000997841F00201997000221021F4F776FE42
:100EB000064904221431A1F10D00F8F767FE84F30E
:100EC000118870BD84F3118870BD0000B800002047
:100ED000401000200004024000000240501E00208C
:100EE0000149096848637047C012002070B52DEDB4
:100EF000028BB0EE408A234D234CA879002822D0E3
:100F0000FFF72AFD00EE100A2046F8EEC00AB0EE08
:100F1000480AF8F7C5FC94ED080AB5EEC00AF1EEF0
:100F200010FA03D29FED190A84ED080A94ED080A1D
:100F3000BCEEC00A10EE100A80B2BDEC028BBDE818
:100F40007040FFF7CDBFFFF707FD00EE100AB8EEC7
:100F5000C00AB4EEC80AF1EE10FA0BD26879401C50
:100F6000C0B26871C82805D90120A8719FED080A90
:100F700084ED0A0A41F28730BDEC028BBDE8704077
:100F8000FFF7AEBFB8000020C01E00200000000028
:100F900000401C4570B5204D0024C5F81240AC75CA
:100FA000C5F81740EC761D4E346074603481B4721D
:100FB0002C70102106F10B00EFF7F2FBC5F80A4088
:100FC000C5F80E40AC80AC71A5F807406C720D21DD
:100FD00006F11B00EFF7E4FB0E2106F12800EFF706
:100FE000DFFBC6F83640C6F83A40C6F83E40C5F8C2
:100FF0002340C5F827406C806C70EC612C8485F828
:101000002240C5F82B40C5F82F4006F14200BDE84C
:1010100070407621EFF7C4BBFC01002013240020B0
:1010200070B50024002511210948FDF703FE054491
:10103000641CE4B2C82CF6D300EE105ADFED050AAA
:101040000548B8EE400A80EE801A80ED001A70BDA7
:10105000440E002001007043A806002070470000E5
:101060000EB564238DE80E00024601231C210248C0
:10107000F4F728FF0EBD0000CC0F00201FB50123A0
:1010800003AC6421CDE90043024602911C210348D0
:10109000F4F718FF9DF80C0004B010BDCC0F002031
:1010A00013B584B0012305AC6421CDE900430246A9
:1010B00002911C210248F5F76FF806B010BD000040
:1010C000CC0F0020012240210148F4F767BD000049
:1010D00000180240002240210148F4F75FBD0000E3
:1010E00000180240704700F0F7BA00002DE9F04107
:1010F0000024FFF7B3FFFFF7F5FFFFF7EBFF322008
:10110000FFF7F1FFFFF7DEFF3220FFF7ECFF0020D3
:10111000FFF7B4FF102802D04020BDE8F081012085
:10112000FFF7E1FF0F4F04EB4405EE19785D71788E
:10113000FFF7B6FF0120FFF7D6FF785DFFF79EFFB0
:1011400005460120FFF7CFFF7078A84204D004EBDA
:10115000440038448078E0E7641CE4B2042CE2D315
:101160000020DAE71E6101081CB504460622694624
:101170000320FFF775FF9DF800009DF8011040EA7D
:10118000012000B200EE100AF8EEC00A9FED120A2C
:1011900060EE800AC4ED000A9DF802009DF803107D
:1011A00040EA012000B200EE900AF8EEE00A60EE9C
:1011B000800AC4ED010A9DF804009DF8051040EA7C
:1011C000012000B200EE900AF8EEE00A20EE800A5C
:1011D00084ED020A1CBD00009A99993E284F294DC2
:1011E0007E4246E0287878B302F016FF04464FF4BA
:1011F0007A6841461920FEF779F9642000F06CFA0C
:10120000FEF76CF941461920FEF770F9642000F0F2
:1012100063FAFEF763F942F2CF011920FEF766F98F
:10122000642000F059FAFEF759F913E095ED100A21
:10123000B5EEC00AF1EE10FA07DD002301461A46AA
:101240003846F1F709FD05E010E000231A4639465B
:10125000F1F702FD02F0E0FE011B30468142E5D3CA
:1012600000231A4619461846F1F7F6FC304600F0FE
:1012700033FAD5F8C00290F828000028F6D0B1E77C
:1012800018FCFFFF601500202DED0A8B424E9FEDEC
:1012900043AA4FF47A777CE056F82500020E00EE60
:1012A000102AB8EE408AC0F3074100EE101AF8EE9B
:1012B000408AC0F3072300EE103AB8EE409AC4B259
:1012C00000EE104AF8EE409A6D1C56F825004FEAE1
:1012D000106C00EE10CAF8EE400A00EE102AB8EECC
:1012E000400A70EEC01AC0F3074200EE102AF8EE72
:1012F000400A00EE101AB8EE400A30EEC01AC0F3F1
:10130000072100EE101AF8EE400A00EE103AB8EE8F
:10131000400A70EEC00AC0B200EE100AB8EE402AD1
:1013200000EE104AB8EE400A32EE400AC1EE8AAA38
:1013300081EE0ABAC0EE8ABA80EE0ACA002438EEFC
:101340002A8A78EE8B8A39EE2B9A79EE8C9ABCEE4B
:10135000C80A10EE100ABCEEE80A010610EE100AE8
:10136000BCEEC90A41EA004110EE100ABCEEE90ADF
:1013700041EA002010EE101A0843FDF78FFA012011
:1013800000F0AAF9641CA4B2BC42D8D3ADB2062DB9
:1013900082D3002580E700005801002000007A4435
:1013A000B4EEE01AF1EE10FA0ED371EE601AB4EE5C
:1013B000C10AF1EE10FA02DC07E030EE610AB4EE89
:1013C000C10AF1EE10FAF8DC7047B4EEE00AF1EE73
:1013D00010FA02D3704730EE210AB4EEE00AF1EEC3
:1013E00010FAF8D37047F5F735F8FAF70DFAF7F772
:1013F000D7FCF7F70DFCF7F7C7FBF7F7E7FBF7F7B5
:10140000F9FDF7F7CDFEF7F717FFF7F7C1FFF7F78D
:101410006FFFF7F7B3FDF7F7D1FDF7F775FEF7F7B5
:101420000DFEF7F799FFF7F7D3FFF7F749FBF7F74B
:1014300079FBF7F783FDF7F761FDF7F731FEFEF76C
:1014400081FAFFF787F8FEF741FA01F063FAF7F740
:1014500025FC00F049F9FEE70021842800D0C11CDA
:10146000084670474FF4FA7000F036F91B4D95F8B6
:10147000440740F0010020F0020040F0800040F0FE
:10148000400085F84407164E164F4FF0500805F5FA
:1014900080647089A5F845073889A5F8470785F85D
:1014A00049870E4800F2447003C8F1F707FC94ED39
:1014B000CD0A00231A46BDEEC00A10EE100A94EDC4
:1014C000C10A01B2BDEEC00A10EE100A00B2F1F777
:1014D000C3FB012000F000F9DBE7000060150020ED
:1014E0002E2400203B240020FFF73CFA6B4F78604D
:1014F000F8F74CF8F8F714F8642408E0F8F720F847
:1015000010B10D20FFF756F80A2000F0E5F8641E30
:10151000E4B2F3D2DFF888814FF01209B7E00D2072
:10152000FFF748F80D2001F0C3FC787039780129E5
:1015300002D108B9F8F72AF8787800287ED1B8786F
:10154000401CC0B2B8700A2878D90020B870F8F7EB
:10155000A1F8534A0121083A0020F8F74BF9FFF7A8
:10156000CFF90A2808D2FFF7CBF903464DA2022192
:101570000920F8F7B3F814E0FFF7C2F9642808D29D
:10158000FFF7BEF9034647A202210620F8F7A6F8A6
:1015900007E0FFF7B5F9034642A202210320F8F75E
:1015A0009DF841A21E215A20F8F763F978681E21A0
:1015B000C07CC0F3401008EBC0027320F8F71AF9A2
:1015C0000124601E4001C11700EB516121F07F0131
:1015D000401AC5B2601EC11700EB9170801000EB7D
:1015E000400009EB8000C6B24D2231462846F8F78C
:1015F000C9F804F13000C2B2A81DC0B23146F8F7F4
:10160000C1F8796804EBC40001EB80000C35C07CA4
:101610003146C0F3401008EBC002E8B2F8F7EAF830
:10162000641CE4B2082CCCD30824DFF870B04FF06F
:101630007F0A0BF1080B0AEA441500E022E0A0083B
:1016400000EB400009EB8000C6B2A4F108000BEBF0
:10165000800231462846F8F70CF9796804EBC4009B
:1016600001EB80003146C07CC0F3401008EBC002A3
:1016700005F11200F8F7BEF8641CE4B20C2CDAD3C2
:10168000F8F748F8787838700A2000F025F8F7F76E
:1016900057FF00283FF446AF41E700005C020020FE
:1016A000CC6001082564000044425553000000004E
:1016B000074A002908D04021117050700223044AC3
:1016C00078210448FDF7F0BE00211170F5E7000015
:1016D000CA0200200058004010B5002800D10120A7
:1016E00001F03CFF002010BD10B502F003F800200F
:1016F00010BD30B585B004460D466169B4F90800E7
:10170000002910D0A16971B1FFF7A6FE6269A16935
:101710000192029100902B4622692168606802F0D4
:10172000F7FB049010E0FFF797FE04A901910090E9
:10173000208A2B4682B22168606802F0B3FB012840
:1017400002D005B0002030BD049805B030BD0000C7
:10175000002801D10648006808B134307047502095
:1017600080F31188BFF34F8FBFF36F8FFEE7000048
:101770001007002010EE100A4549884202DBB7EE40
:10178000000A704710EE100A42499FED431AF2EE2C
:10179000040A88420CDBDFED411A30EE610A20EECC
:1017A000010A80EE201A9FED3E0A31EE000A7047D2
:1017B00010EE100A3B4988420CDBDFED3B1A30EE9D
:1017C000610A20EE010A80EE201A9FED380A31EE00
:1017D000000A704710EE100A3549F1EE041A8842EB
:1017E0000EDBDFED340A30EE600ADFED330A20EE67
:1017F000200AC0EE210AB6EE080A30EE800A7047D1
:1018000010EE100A2D49B5EE001A88420CDBF3EEFB
:101810000E0A30EE600A20EE010AC0EE210AB6EE92
:10182000000A30EE800A704710EE100A2449884200
:101830000ADBF3EE041A30EE610A20EE010AC0EE74
:10184000201A31EE810A704710EE100A1D498842B5
:101850000ADB30EE601AB4EE000A21EE001AC1EE87
:10186000201A31EE800A70479FED171AB5EEC00AB4
:10187000F1EE10FA08DBDFED151A20EE210AC0EEBA
:10188000201A31EE810A7047B0EE410A704700001D
:101890000000704200004842D0CC4C3D000048425D
:1018A0003333733F00002042000020426666663FEB
:1018B00000000C4200000C429899193E0000F041D3
:1018C0000000A04100002041CDCC4C3D9A99993DAB
:1018D0008AB2014664230148F6F738BB981300200A
:1018E0002DE9F04104460F461B4EF5683168002093
:1018F00081F852003068001D01F0E8FC48B93068FA
:10190000012190F82C0001FA00F0316921EA000071
:101910003061B4F1FF3F07D137B13068BDE8F04125
:10192000011D0E4801F02FBD2C4430684460AC42CC
:1019300006D23068011DB06BBDE8F04101F008BD72
:101940003068011D706B01F003FDB06A844200D263
:10195000B462BDE8F081000010070020C43600200A
:1019600070B5044601F01CFD1C4DA868401CA86021
:10197000286810B1686938B10CE02C60A8680128AB
:1019800008D100F08FF905E02868E16AC06A884252
:1019900000D82C60686A401C6862E06A01212A69EC
:1019A0008140114329610E4900EB800001EB80006A
:1019B000211D01F0E8FC01F013FD686900280CD03E
:1019C0002868E16AC06A884207D206494FF0805011
:1019D0000860BFF34F8FBFF36F8F70BD10070020FB
:1019E000E835002004ED00E038B501F0D9FC0F4CDB
:1019F0002068B8B90E4801F09DFC0E4801F09AFC31
:101A00000B48E0601430206100200B4B009003F184
:101A1000480210210A2001F0BDFF206010B107A18B
:101A200001F062FDBDE8384001F0DABC4C0700204F
:101A3000C0370020D4370020D8360020546D7251B2
:101A40000000000070B50D4C6068002815D00C4EE9
:101A500001F0A6FCF068C568281D01F037FCA068FD
:101A6000401EA0606068401E606001F0B9FC28461E
:101A700000F051F860680028EAD170BD100700201E
:101A8000B03600200B46026C002A0CD0C16811440D
:101A9000C160D0F808C0614501D30168C160C16868
:101AA0001846EEF7FEBD70472DE9F0410446164694
:101AB0000027A56B226C002A10D0C6B1E068EEF7B3
:101AC000F0FDE168206C091AE1602268914202D2BF
:101AD000A168081AE060022E16D017E02068A8B9A5
:101AE000A06802F011FB07460020A0600EE06068CD
:101AF000EEF7D7FD216C606808446060A1688842F9
:101B000004D32068606001E005B16D1E681CA0630D
:101B10003846BDE8F08110B5044694F8511000290C
:101B20000BD0012911D0022914D0502080F3118844
:101B3000BFF34F8FBFF36F8FFEE7206B01F066FCA2
:101B40002046BDE8104001F061BC2046BDE81040D1
:101B500001F05CBC10BD00000749CA68116800298B
:101B600004D00021016019B1002070470121F9E77C
:101B7000D0680068704700004C0700204FF4C04157
:101B8000104810F0070F06D0C01D20F007000D49C7
:101B9000411AC1F5C0410C4A106000235360014452
:101BA000083921F00701183A11604B600B600B1ADD
:101BB000436001604068906050604FF000405061A9
:101BC00070470000E837002078070020074E4FF0EC
:101BD0008054074DFFF736FF30680128FAD92C6092
:101BE000BFF34F8FBFF36F8FF4E70000E83500209D
:101BF00004ED00E003460098002905D00260C363AD
:101C00000164012101F0FEBE0060F8E72DE9F05FFC
:101C100082460B9F0A9D0C9C0E4690469B464FEABF
:101C20008801A522206BEEF7B3FD206BA8F101011E
:101C300000EB810020F007094FF0000866B100209A
:101C40002218315C82F83410315C11B1401C10282C
:101C5000F6D384F8438001E084F83480072D00D364
:101C60000625E5626564C4F84880201D01F06DFB1F
:101C700004F1180001F069FB2461C5F10700A061BF
:101C80006462C4F84C8084F8508084F852805A46CC
:101C90005146484600F008FB2060002F00D03C6011
:101CA000BDE8F09F70B500240F4D04EB840005EBF8
:101CB000800001F03FFB641C072CF6D30B4801F0B9
:101CC00039FB0B4801F036FB0A4801F033FB0A48A8
:101CD00001F030FB094801F02DFB0948034941633D
:101CE0001431816370BD0000E83500207436002097
:101CF000883600209C360020B0360020C4360020F4
:101D00001007002010B4144900E011460A6882420E
:101D1000FBD34B6803EB010C844503D140681844A6
:101D2000486008460C68D0F804C00CEB0003A342DE
:101D30000CD10A4B1B689A4206D05268624442603A
:101D40000A681268026002E0036000E002608142FB
:101D500000D0086010BC70477807002060070020A2
:101D600010B5002441600061DFF838C091420BD803
:101D7000D11A8269914201D3012410E0011DDCF8DF
:101D8000100001F0E5FA0AE09A4203D2994201D329
:101D9000012404E0011DDCF80C0001F0D9FA204612
:101DA00010BD00004C07002010B5044601F0F8FA01
:101DB000A06B20B1002401F013FB204610BD0124CC
:101DC000F9E710B5044601F0EBFAA06BE16B88422D
:101DD00001D1012400E0002401F002FB204610BDE7
:101DE000F8B505460E461748C068C068C468201D8F
:101DF00001F06CFA94F8240010F0040F18D0A069D8
:101E00002B46411932462046FFF7AAFFA0B1002019
:101E10000346014600902A46204602F099FA58B936
:101E2000502080F31188BFF34F8FBFF36F8FFEE711
:101E300020F0010084F82400216A01B02046BDE8AA
:101E4000F04008474C07002030B587B0414D0022D4
:101E500002A9286801F036FF002875D002980028F2
:101E600003DA039A0599049890470298002864DBE6
:101E7000049C606910B1201D01F028FA01A800F04F
:101E8000B3F8024602980A2857D2DFE800F00505A9
:101E9000052F364D05052F3694F8240040F001003B
:101EA00084F824000398A169034601442046FFF703
:101EB00057FF002841D0216A2046884794F8240023
:101EC00010F0040F39D0002000900398A16900237E
:101ED00042181946204602F03BFA70BB502080F3AE
:101EE0001188BFF34F8FBFF36F8FFEE794F8240084
:101EF00020F0010084F824001FE094F8240040F052
:101F0000010084F824000398A06128B181181346C9
:101F10002046FFF725FF10E0502080F31188BFF323
:101F20004F8FBFF36F8FFEE794F8240010F0020F7D
:101F30000CD020F0010084F82400002202A92868B7
:101F400001F0C0FE002889D107B030BD204601F065
:101F50005DFAF2E74C070020F8B505460C4601F0A3
:101F600011FC684600F040F80646009810B102F0F7
:101F700055F9F8BD44B9B54206D802F04FF93146DB
:101F80002846FFF72DFFF8BD0C481CB10169096810
:101F900091B10024A91B2246006801F0B9FA02F0B1
:101FA0003DF90028EFD106494FF080500860BFF39B
:101FB0004F8FBFF36F8FF8BD0124EBE74C07002074
:101FC00004ED00E00749486B0068002805D0486B25
:101FD000C068C0684068886270474FF0FF30886210
:101FE000704700001007002070B5044602F014F896
:101FF0000546074EB068854204D200F043F8012040
:10200000206001E000202060B560284670BD00001F
:102010004C0700202DE9F001044600252068002827
:102020002BD060684068606004F10807B84201D1B5
:10203000426862606068C668606840686060B84214
:1020400001D1426862606068C0680023002200EB32
:10205000020C9CF834C011F80280E04501D0012345
:1020600004E0BCF1000F01D10546012313B9521C55
:10207000102AECD30DB9B042DED12846BDE8F001FC
:1020800070470000F8B51C4EF0680068002826D0A4
:102090000027F068C0680568C468201D01F016F9C3
:1020A000216A2046884794F8240010F0040F12D0CB
:1020B000A0692844A84206D960602461211DF06807
:1020C00001F046F907E000232A461946204600970A
:1020D00002F03EF940B1F06800680028D9D1F068FC
:1020E0003169F1603061F8BD502080F31188BFF391
:1020F0004F8FBFF36F8FFEE74C070020002102785F
:10210000A52A04D1401C491C0278A52AFAD08808C7
:1021100080B270470A484068B0F1FF3F07D05020B6
:1021200080F31188BFF34F8FBFF36F8FFEE750200E
:1021300080F31188BFF34F8FBFF36F8FFEE700006E
:102140008007002082B001A8FFF706FD0199FFF784
:1021500003FFFFF779FEF6E770B5044601F020F9BA
:1021600094F94550002D0CDD606A50B104F1240053
:1021700002F018F808B101F021FA681E45B2002DEE
:10218000F2DC4FF0FF3684F8456001F029F901F0E8
:1021900007F994F94450002D0CDD206950B104F189
:1021A000100001F0FFFF08B101F008FA681E45B207
:1021B000002DF2DC84F84460BDE8704001F010B9F5
:1021C0002DE9F0410546002601F0DCFA344F38686D
:1021D00008B9FFF7D3FC7869054251D19DB10835A4
:1021E00015F0070F0FD005F00700C0F108000544F7
:1021F00015F0070F07D0502080F31188BFF34F8FE1
:10220000BFF36F8FFEE7002D3AD07868854237D84C
:1022100024490846046801E0214604466068A84253
:1022200002D220680028F7D13868844228D0086894
:1022300000F10806206808606068411B10290FD96A
:10224000601910F0070F07D0502080F31188BFF3FA
:102250004F8FBFF36F8FFEE741606560FFF752FD60
:1022600061687868401A7860BA68904200D2B860B5
:1022700078690843606000202060F868401CF860BE
:1022800001F0CCFF16F0070F07D0502080F3118823
:10229000BFF34F8FBFF36F8FFEE73046BDE8F0818D
:1022A0006007002078070020001F4FF08073036054
:1022B000001F21F001010160001F05490160143871
:1022C0000260001F6FF002010160203870470000BB
:1022D0001521010810B52DED028B04469FED1D0A56
:1022E000B0EE408AD4ED000A60EEA00A94ED011A27
:1022F000D4ED011A41EE210A94ED021AD4ED021A2E
:1023000041EE210A94ED031AD4ED031A41EE210A9D
:10231000B0EE600AF0F772F9B0EE408A94ED000A70
:1023200020EE080A84ED000A94ED010A20EE080A66
:1023300084ED010A94ED020A20EE080A84ED020AF7
:1023400094ED030A20EE080A84ED030ABDEC028B2B
:1023500010BD00000000000010EE101A016000EE39
:10236000101A4268016900EE902A01EE101A40EE40
:10237000010A10EE901A4160C26800EE901A01EE58
:10238000102AF4EEC10AF1EE10FA01DD42600AE013
:1023900000EE901A816801EE101AF4EEC10AF1EE17
:1023A00010FA00D24160B5EEC00AF1EE10FA01D188
:1023B00000214160704710EE101A016110EE901A72
:1023C000C16011EE101A8160002101604160704708
:1023D000174A1849B2F80A01B2F80E31984206D0ED
:1023E00000EE100AB8EE400A81ED040A704791ED44
:1023F000030ADFED110AF2EE041AB2F80C0120EE26
:10240000201A91ED040A01EE210A01EE100AB8EE3D
:10241000411A01EE600A81ED040AB5EEC00AF1EE40
:1024200010FAE3D89FED050A81ED040A7047000019
:10243000081F0020740100206F12033B0000000001
:1024400078B400210091504B0168C3F81210017953
:102450009975B0F805100091BDF8001040F2022502
:102460004A4CA1F20222A94263D022DCB1F5817F5D
:102470004DD00FDC012936D002293ED003293FD0B0
:10248000A1F58071013903D1D0F80700C3F80A0023
:1024900078BC7047A1F5807103393DD0012941D046
:1024A000FE29F5D1C11D78BC38480D221B30EEF74E
:1024B000F8B8042A54D009DC012A41D0022A48D0B5
:1024C000032AE5D1B0F807005880E1E7052A4AD091
:1024D000062A51D0FF2ADBD1C11D78BC2B487622B9
:1024E0004230EEF7DEB850F8071F216041686160A6
:1024F00001892181807AA072CAE7C0791870C7E784
:10250000C11D78BC214810220B30EEF7CAB8D0F8B4
:102510000700C3F80E00BBE7B0F807109980407AB7
:102520009871B5E7B0F80710A3F80710407A587211
:10253000AEE7C11D78BC15480E222830EEF7B1B8C1
:1025400050F8071F44F8361F416861608068A0603A
:102550009EE750F8071F43F8231F4068586097E72D
:10256000C079587094E750F8071FD96181881984A1
:10257000807983F822008BE750F8071F43F82B1F60
:102580004068586084E70000FC010020132400200C
:1025900070B5A526474C002584E04748FEF767F84C
:1025A00094F88610062979D2DFE801F003131F366C
:1025B000415AB0420AD1012184F88610B4F887103C
:1025C0004A1C2144A4F8872088716BE0A4F8875046
:1025D00068E0A080B4F887104A1C2144A4F8872042
:1025E0008871022084F886005CE0A18841EA00211D
:1025F000A180B4F887104A1C2144A4F88720887170
:10260000A088772803D2032084F886004AE084F863
:102610008650A4F8875045E0B4F887104A1C21443E
:10262000A4F887208871042084F886003AE0B4F882
:1026300087104A1C2144A4F887208871B4F88700C9
:1026400005282FD10521A01D01F0F4F818B10520AF
:1026500084F8860026E084F88650A4F8875021E0AC
:10266000A288B4F887100932914204D24A1C21444E
:10267000A4F887208871A188B4F8870009318842BE
:1026800010D384F88650A4F88750A01D01F0B2F84A
:1026900040B1A01DFFF7D4FE04E0FFE784F88650A8
:1026A000A4F887500448FEF746F800287FF475AF79
:1026B00070BD0000E42C0020CC2800202DED068BFE
:1026C000FEF768FC7F494FF48062A1F11800FDF726
:1026D000E5FF7D494FF40072A1F5007000F08CFD1C
:1026E0000A20FEF7F9FF00F095FC00F095FC00F0E1
:1026F00095FC764D764C774FDFF8DCA1DFF8DC8176
:102700009FED778ADFED779ADFED778ADFF8DCB12E
:10271000B3EE0E9A9FED76AADFF8D891764E774801
:10272000017877480160FFF733FF0A20FEF7D4FFF6
:102730002868A168401A6168B0EB410F03D328688C
:10274000A06000F067FC2868E168411A606800EB4F
:102750004000814203D32868E06000F05DFC2868F7
:102760002169401A6168B0EB810F03D328682061AA
:1027700000F054FC9AF82B00012808D100F04AFC24
:1027800000F04AFC00F04AFC6068FEF7A5FF9AF8EA
:10279000290001284ED03868017921F03C01203110
:1027A00001719AF82A0001284BD0D8F8000001796D
:1027B00021F03C012031017199ED0F0AB0EE481A69
:1027C000F0EE690AFEF7ECFD60EE280ADBF8000087
:1027D00080EE880A828839EE400ABCEEC00A10EE0C
:1027E000101A61F38E12828099ED0F0AB0EE481A2A
:1027F000F0EE690AFEF7D4FD20EE280ADBF80000AF
:10280000C0EE080A30F8052F3AEE600ABCEEC00AA6
:1028100010EE101A61F3CF120280D9F8C0023949C4
:10282000C06A884215DD3068017921F03C01103121
:1028300001711DE03868017921F03C01143101710A
:10284000AFE7D8F80000017921F03C0114310171A3
:10285000B2E7884206DA3068017921F03C0108319C
:10286000017105E03068017921F03C010C31017102
:10287000D9F8C002316890ED0B0ABDEEC00A10EE27
:10288000100AC1F80B0099ED270ADFED1F0A1F4956
:1028900020EE200A0968BDEEC00A10EE100AC1F849
:1028A0000B00FCF7B7FE1A49096809318A8860F302
:1028B0004F128A800888520962F34F10088000F096
:1028C00013FC2CE7E4280020CC2600200C07002075
:1028D00030020020AC0600204C200020B006002072
:1028E000DB0F4940DB0F49C000003443B406002031
:1028F0000000A54360150020C00600202E24002003
:10290000FC0600200060B8450000C842B806002060
:10291000BC06002002492422A1F12400F7F79EB84A
:10292000EF230020F0B5002858D0002956D00278B7
:10293000437842EA0322C2F30A050D804278837885
:10294000D20842EA4312C2F30A034B808278C47869
:10295000920942EA8402047942EA8422C2F30A021A
:102960008A8004794679640844EAC614C4F30A04E8
:10297000CC804679C6F301168E724679B609CE72BE
:102980008679C77946EA0726A1F80F60067A477A62
:1029900046EA0726A1F81160867AC77A46EA072632
:1029A000A1F81360067B4E75467B8E75867BC77BD0
:1029B00046EA07260E83067C407C46EA0020A5F501
:1029C00080650D80A3F580634B80A2F580628A80CC
:1029D000A4F58064CC80A0F580600881F0BD000083
:1029E00010B5FFF7F5FC00F0DBF800F05DF900F042
:1029F00005F8014810BD0000081F00202DE9F04136
:102A00002DED028B0327624D624C00262978E08869
:102A1000032903D1032801D1617811B1012803D022
:102A20001DE00120E0801AE0B5F80801D4ED040AA9
:102A300000EE100A5849B8EE400A30EE600A10EE77
:102A4000100A88420ADD00F047F9C0B2A0700128E0
:102A500005D1A670A5F8F860E78000E0E780DFF810
:102A60003081287808F154089FED4C8A042802D15F
:102A7000E088032803D0E088022803D043E0022046
:102A8000E08040E000F020FA00287CD100F090F9CE
:102A900094ED030AFCF7AAF966706868D5ED3B0A65
:102AA000B0F9020000EE100A4046B8EEC00AF6F790
:102AB000F7FE95ED1D0ABDEEC00A10EE100A00B239
:102AC000A5F8F8006968B1F9021000EE101A0121AA
:102AD000B8EEC00A00F044FA38B100F033FABDECA9
:102AE000028BBDE8F04100F0EFB900F0EDF90028ED
:102AF00049D12878042806D0E78084ED028A84ED45
:102B0000038A00F015FA287804281DD003281BD06A
:102B1000E088032818D1F0EE480AC5ED3B0A686842
:102B2000B0F9020000EE100A4046B8EEC00AF6F70F
:102B3000B7FE95ED1D0ABDEEC00A10EE100AA5F80D
:102B4000F800667000F0F4F9287803281BD1E088BB
:102B5000032818D16078012815D1F0EE480AC5ED98
:102B60003B0A6868B0F9020000EE100A4046B8EE71
:102B7000C00AF6F795FE95ED1D0ABDEEC00A10EEEF
:102B8000100AA5F8F800BDEC028BBDE8F08100004A
:102B9000081F002074010020000090410000000088
:102BA000134914480A898284C9880185C18C4185EA
:102BB00011494989C18450F8E01CB1F9022000EEA6
:102BC000102AB8EEC00A80ED010A91ED030A80EDEB
:102BD000030A417F017750F8DC1C11F8212FC2F362
:102BE000001242770878054900F00F0048717047DD
:102BF0002E240020EC1F00203B2400207401002024
:102C000010B52DED028BFDF7F5FE204C6060FDF751
:102C1000FBFDA0609FED1E8ADFED1E8A1E4AF0EECE
:102C2000480AB0EE680A002104F10C00F6F7E8FE4D
:102C3000F0EE480AB0EE680A174A002104F1540089
:102C4000F6F7DEFE144AF0EE480A9FED140A0C3245
:102C5000002104F19C00F6F7D3FE606890ED030AB2
:102C600084ED3C0A84ED3D0A9FED0D0A84ED3B0A9C
:102C700084ED3A0A0020A4F8F8000A490320C8802D
:102C8000BDEC028BBDE8104000F052B9081F0020D7
:102C900000A00C4600007A467C60010800803B469C
:102CA000000000007401002009480A4990F905005D
:102CB000032807D0042808D008B1012801D100203A
:102CC0000870704703200870704704200870704730
:102CD00074010020081F002070B5304D304C0126D3
:102CE000287894ED3C0A002803D001280AD000205F
:102CF00070BDDFED2C0A30EE200A84ED3D0A2E7007
:102D0000002070BDD4ED3D0A30EEC00A10EE100A6E
:102D100002F0F2FE41EC100BFAF7DAF99FED221BFC
:102D200051EC100B53EC112B02F087FA31D21C48F6
:102D3000D4ED3D0A94ED3C0A9C30F6F7B1FD606895
:102D4000D4ED2F0AB0F9020000EE100A1448B8EED4
:102D5000C00A0C30F6F7A4FD94ED0B0ABDEEC00AD4
:102D600010EE100A00B2A4F8F8006168B1F9021080
:102D700000EE101A0121B8EEC00A00F0F1F808B117
:102D800000F0E0F800F0A0F808B1002070BD0020CD
:102D900070BD002028706E70012070BD740100208D
:102DA000081F00200080CA4400000000000000400E
:102DB0002249DFED210AC1ED030A214AB2F80801D8
:102DC00000EE100AB8EE401AB6EE000A21EE001A24
:102DD00091ED040AB4EEC01AF1EE10FA11D801EE2A
:102DE000100AB8EE411A71EE401A01EE100AB8EE60
:102DF000412A81EE821AF3EE041A21EE211A81EDA6
:102E0000031A01EE100A0F4BB8EE411A31EE400AD8
:102E100010EE100A98420BDCB2F80C010A22B0FB4B
:102E2000F2F000EE100AB8EE400A81ED030A704796
:102E3000C1ED030A70470000000000427401002049
:102E4000081F00200000904110B500EE100A2DED83
:102E5000028BB1EEC08A18EE100A20F00040C0F1DB
:102E6000FF40C00F0AD010EE100A20F00040C0F161
:102E7000FF40C00F04BF0120EDF7E3FC18EE100A7D
:102E8000BDEC028B10BD0000FDF76CFD024908602F
:102E90000120FEF721FCFBE7F80100209FED021A5C
:102EA000DFED020AFEF77CBA00003443000034C3B1
:102EB000044900EBC00001EB8000C07CC0F340106F
:102EC000704700009521002070B5F2F76FFE0446B0
:102ED000144DE878012801D0002070BD134EDFEDBD
:102EE000120AC6ED3B0A7068B0F9020000EE100A43
:102EF00006F15400B8EEC00AF6F7D2FC96ED1D0AB2
:102F0000BDEEC00A10EE100AA6F8F800A869201A53
:102F1000B42805D30020E8706434EC61287168613E
:102F2000012070BD74010020008009C5081F002029
:102F300003480021C170017141618161C161704725
:102F40007401002010B5054C0120E070F2F72EFE50
:102F5000A06100202071606110BD0000740100209C
:102F600070B504462DED028BB0EE408A0D46F2F7A7
:102F70001DFE184A00232DB1D17839B10020BDECD7
:102F8000028B70BD137153610020F8E7D16988424C
:102F900001D20020F3E7B0EEC80A10EE101A0E4D71
:102FA000A94212DA002C00DA6442B4F57A6F0CDD23
:102FB000117931B15169401AB0F5967F07D30120DC
:102FC000DDE701211171506101E0137153610020AF
:102FD000D5E70000740100200000C8430B4CAA2074
:102FE0002070FF2060700122E11E0948F4F758FFAD
:102FF000201DFDF7F7FC6423082204490448F4F778
:10300000A5FF6420FEF768FBF2E7000098010020AE
:1030100008130020FAF790BFFBF700B910B5FBF7D3
:1030200083FAFBF7D1FAFBF71FFBFBF771FBBDE857
:103030001040FBF7C5BB000030B50446A52020704A
:103040006F20A4F801000F4D2878E070401C287014
:1030500004212046FCF7CEFA641D04F8010C40F26E
:10306000013020804FF482706080A888A08000F535
:103070008070E080641F76212046FCF7A5FAA4F852
:10308000760030BDF806002070B50446A5202070FB
:103090003320A4F80100134D2878E070401C2870FC
:1030A00004212046FCF7A6FA641D04F8010C40F246
:1030B000013020804FF488706080A888A08000F5DF
:1030C0008070E080641F04F11C00EDF7CBFA618A88
:1030D00060F3CF1161823A212046FCF775FA6087D0
:1030E00070BD0000F8060020FBF7BEBB70EEC00A02
:1030F00001EE100A01208840B8EEC11A401E21EEF0
:10310000201A00EE900AF8EEE01AC1EE210A30EE25
:10311000800A704770B506460C4600F041F9154D1F
:103120002868C06C80B92A68012082F850005CB120
:1031300001212046FEF7D4FB0F494FF08050086074
:10314000BFF34F8FBFF36F8F00F04AF900F028F9FB
:103150002868C46C002034B116B12968C86402E044
:103160002A68611ED164296881F8500000F038F99E
:10317000204670BD1007002004ED00E091ED000A2C
:10318000B1EE400A80ED010A91ED010AB1EE400A6C
:1031900080ED020A91ED020AB1EE400A80ED030AC9
:1031A00091ED000A80ED040A91ED020A80ED060A15
:1031B00091ED010AB1EE400A80ED070A91ED010A96
:1031C00080ED080A91ED020AB1EE400A80ED090A8D
:1031D00091ED000A80ED0B0A91ED020A80ED0C0AD8
:1031E00091ED010A80ED0D0A91ED000AB1EE400A61
:1031F00080ED0E0A70470000F0B52E4C23685D6923
:1032000045F040055D6123685D6945F080055D61BD
:103210002368DC6844F01004DC60274C23681D68D8
:1032200025F001051D6003E01D6825F001051D6006
:1032300023681D68ED07F7D1204F2668FD14BE42B4
:1032400003D91E4E4C3E35600FE01D4EB34203D9EC
:103250001A4E503E356008E0194F194E603FB83E97
:10326000BB4201D9F56000E0B560164D9D60236852
:10327000D86020680161206842602068016841F4DC
:10328000802101602068016841F0010101600E4960
:103290000868026822F00102026003E0026822F07E
:1032A0000102026008680268D207F7D108688560E9
:1032B000F0BD000098130020A014002058640240C4
:1032C000B860024004140140001500200169436801
:1032D00082689A60836842685A604A68824201D173
:1032E00082684A60002202610868401E086008681F
:1032F00070470000002801D102480068006BFEF70B
:10330000FDBE000010070020034B036003F15400D2
:1033100008608020106070479C070020044B036009
:1033200003F1540008604FF4807010607047000093
:10333000F009002000F1080141604FF0FF32826087
:10334000C160016100210160704700210161704787
:1033500010B4D1F800C0BCF1FF3F02D000F1080268
:1033600002E0026904E01A4653681C686445FAD911
:1033700053684B6099608A60516008610168491C1C
:10338000016010BC704742684A6093688B60936824
:103390005960916008610168491C01607047000034
:1033A000502080F31188BFF34F8FBFF36F8F0A490E
:1033B0004868401C486001280CD10848006810F09B
:1033C000FF0F07D0502080F31188BFF34F8FBFF35A
:1033D0006F8FFEE7704700008007002004ED00E0DB
:1033E00009494868002806D0401E4860002801D1DD
:1033F00080F311887047502080F31188BFF34F8FFE
:10340000BFF36F8FFEE700008007002070B5002833
:103410002AD0A0F10804154D60686969084207D1F7
:10342000502080F31188BFF34F8FBFF36F8FFEE7FB
:1034300022683AB1502080F31188BFF34F8FBFF359
:103440006F8FFEE78843606000F09CF960686968F0
:10345000084468602046FEF755FC2869401C286136
:10346000BDE8704000F0DABE70BD000060070020CB
:103470004FF0E02000210161816105494FF47A722B
:103480000968B1FBF2F1491E4161072101617047F2
:103490000007002010B5ECF79DFF114910280ED34E
:1034A00000F1E02090F8F0030A78904207D2502013
:1034B00080F31188BFF34F8FBFF36F8FFEE709488A
:1034C0000068896800F4E060884207D9502080F3E2
:1034D0001188BFF34F8FBFF36F8FFEE710BD000061
:1034E000800700200CED00E00022084B53F832C0AA
:1034F000BCF1000F03D0521C082AF7D3704743F8E1
:10350000321003EBC201486070470000A83500206C
:1035100070B504460D461646FFF742FF94F9440085
:10352000B0F1FF3F4FF0000001D184F8440094F95E
:103530004510B1F1FF3F01D184F84500FFF750FF7E
:10354000A06B28B93246294604F1240000F0B4F8F3
:103550002046BDE87040FEF7FFBD000010B50246F2
:103560000020002A12D00F48006B38B1502080F3A1
:103570001188BFF34F8FBFF36F8FFEE700F002F9A2
:1035800000211046FEF7ACF900F048FE002807D1F4
:1035900005494FF080500860BFF34F8FBFF36F8F26
:1035A00010BD00001007002004ED00E002490A6A87
:1035B0000260C9684160704710070020014901207E
:1035C000C8617047100700202DE9F04104460D4600
:1035D000002C15D0FFF75EFF5020EFF3118680F32B
:1035E0001188BFF34F8FBFF36F8F94F85000022103
:1035F00084F85010E16C491CE164012808D025E0F2
:10360000502080F31188BFF34F8FBFF36F8FFEE719
:10361000A06A38B1502080F31188BFF34F8FBFF3F9
:103620006F8FFEE7144F386B4FF0010890B104F133
:1036300018011248FFF7A7FEE06A3968C96A884294
:1036400004D90DB1C5F80080C7F81C8086F3118835
:10365000BDE8F081201DFFF739FEE06A3A6908FAFB
:1036600000F111433961064900EB800001EB800055
:10367000211DFFF788FEDFE7100700209C360020A1
:10368000E835002010B50C4600280BD0094A126816
:1036900002F11801FFF75CFE2046BDE81040012151
:1036A000FEF71EB9502080F31188BFF34F8FBFF390
:1036B0006F8FFEE71007002070B50D4614460028F6
:1036C0000DD00B4909681831FFF75DFE0CB14FF0C2
:1036D000FF3521462846BDE87040FEF701B950206D
:1036E00080F31188BFF34F8FBFF36F8FFEE70000A9
:1036F0001007002030B587B000250695059504AA6F
:1037000005A906A8FFF700FE069805990191029009
:103710000023009517A11948049A00F0F9FB184CF2
:10372000E06208B1012000E00020012801D100F092
:10373000DBFD01280AD0B0F1FF3F19D1502080F302
:103740001188BFF34F8FBFF36F8FFEE7502080F3D8
:103750001188BFF34F8FBFF36F8F4FF0FF30A06220
:1037600001206061E56007B0BDE8304000F07AB844
:1037700007B030BD49444C4500000000CD1B010896
:10378000100700200248016B491C016370470000CC
:1037900010070020154A106B002802D00120D061CC
:1037A00070470020D0611069B0FA80F0C0F11F00AE
:1037B0000F4900EB800051F8203073B101EB80001D
:1037C00041684968416000F10803994201D14968A4
:1037D00041604068C06810607047502080F31188D5
:1037E000BFF34F8FBFF36F8FFEE70000100700207D
:1037F000E835002030B505460C46002D01D0022CDE
:1038000001D8002030BD0A48A11E02882846FCF7D6
:10381000BFFF2919C2B211F8023C9A4206D111F831
:10382000011CB1EB102F01D1012030BD002030BDB3
:10383000D002002030B505460C46002D01D0022CE8
:1038400001D8002030BDFF22611E2846FCF7B8FFDA
:10385000291911F8011C814201D1012030BD00203D
:1038600030BD000010B582B038480168384A914236
:1038700007D1502080F31188BFF34F8FBFF36F8FB4
:10388000FEE700683349884207D1502080F3118851
:10389000BFF34F8FBFF36F8FFEE72F49087801907A
:1038A000FF200870087800909DF800009DF8002027
:1038B00000F0F000904207D0502080F31188BFF351
:1038C0004F8FBFF36F8FFEE79DF80000234C00F091
:1038D000500020700720A0609DF8000010F0800FBD
:1038E0000BD0A068401EA0609DF800004000009032
:1038F0009DF8000010F0800FF3D1A068032807D0D6
:10390000502080F31188BFF34F8FBFF36F8FFEE716
:103910004FF44070A060019808701148016841F4AC
:1039200070010160016841F070410160FFF7A0FD86
:1039300000206060ECF716FD0A48016841F0404144
:103940000160ECF7FBFC02B0002010BD00ED00E0D0
:1039500071C20F4170C20F4100E400E080070020F7
:1039600020ED00E034EF00E010B5502080F3118826
:10397000BFF34F8FBFF36F8F00F05CFB18B10449AA
:103980004FF080500860002080F3118810BD0000C7
:1039900004ED00E038B5049D002804D05BB102B10D
:1039A00089B1C2B120E0502080F31188BFF34F8F5E
:1039B000BFF36F8FFEE7502080F31188BFF34F8F66
:1039C000BFF36F8FFEE7502080F31188BFF34F8F56
:1039D000BFF36F8FFEE739B1502080F31188BFF33A
:1039E0004F8FBFF36F8FFEE74FF0480CCDF800C04C
:1039F0001C46012384F846302B460094FEF7FAF863
:103A0000204638BD70B504460D46002C25D0FFF782
:103A1000C7FC226CE16B206801FB0200A060002063
:103A2000A06320686060E16B226C2068491E01FB86
:103A30000200E0604FF0FF3084F8440084F8450055
:103A40009DB104F11000FFF775FC04F12400FFF7AD
:103A500071FCFFF7C5FC012070BD502080F3118878
:103A6000BFF34F8FBFF36F8FFEE720690028F0D0C0
:103A700004F1100000F096FB0028EAD004494FF052
:103A800080500860BFF34F8FBFF36F8FE1E70000F6
:103A900004ED00E02DE9FF4782B004468A461F4648
:103AA0000025002C03D0BAF1000F08D011E05020FF
:103AB00080F31188BFF34F8FBFF36F8FFEE7206C49
:103AC00038B1502080F31188BFF34F8FBFF36F8F51
:103AD000FEE7022F0AD1E06B012807D0502080F3C7
:103AE0001188BFF34F8FBFF36F8FFEE700F086FAA8
:103AF00048B9049838B1502080F31188BFF34F8F34
:103B0000BFF36F8FFEE700264FF08058DFF8F0908C
:103B1000FFF746FCA06BE16B884205D3022F03D070
:103B2000049808B335B329E03A4651462046FDF7DC
:103B3000BBFF616A59B104F1240000F033FB68B1A6
:103B4000C9F80080BFF34F8FBFF36F8F06E028B135
:103B5000C9F80080BFF34F8FBFF36F8FFFF740FCB2
:103B600006B00120BDE8F087FFF73AFC06B0002060
:103B7000BDE8F0876846FFF719FD0125FFF730FC27
:103B8000FFF700FEFFF70CFC94F94400B0F1FF3F93
:103B900001D184F8446094F94500B0F1FF3F01D1B0
:103BA00084F84560FFF71CFC04A9684600F02EF974
:103BB00040B12046FEF7D0FA00F030FB06B00020FE
:103BC000BDE8F0872046FEF7FCF890B104F1100044
:103BD0000499FFF757FD2046FEF7BEFA00F01EFBE2
:103BE000002895D1C9F80080BFF34F8FBFF36F8FC6
:103BF0008EE72046FEF7B0FA00F010FB88E70000E1
:103C000004ED00E02DE9F0470446894617461E46BC
:103C1000002C03D0B9F1000F08D011E0502080F340
:103C20001188BFF34F8FBFF36F8FFEE7206C38B161
:103C3000502080F31188BFF34F8FBFF36F8FFEE7E3
:103C4000022E0AD1E06B012807D0502080F31188A2
:103C5000BFF34F8FBFF36F8FFEE7FFF71BFC5020C2
:103C6000EFF3118880F31188BFF34F8FBFF36F8F8D
:103C7000A06BE16B884206D3022E04D0002088F3AB
:103C80001188BDE8F08794F94550A06B324649464B
:103C90002046FDF709FFB5F1FF3F04D0681C84F80A
:103CA00045000120EBE7606A0028FAD004F1240007
:103CB00000F078FA0028F4D0002FF2D0012038600C
:103CC000EFE700002DE9F74783B004468A46002558
:103CD000002C03D0BAF1000F08D011E0502080F37F
:103CE0001188BFF34F8FBFF36F8FFEE7206C38B1A1
:103CF000502080F31188BFF34F8FBFF36F8FFEE723
:103D000000F07CF948B9059838B1502080F311884B
:103D1000BFF34F8FBFF36F8FFEE700274FF0805840
:103D2000DFF8E490FFF73CFBA66BC6B15146204696
:103D3000FDF7A8FE701EA063206950B104F11000C9
:103D400000F030FA28B1C9F80080BFF34F8FBFF3FD
:103D50006F8FFFF745FB06B00120BDE8F08705989F
:103D600008B135B109E0FFF73BFB06B00020BDE824
:103D7000F0876846FFF71AFC0125FFF731FBFFF7D4
:103D800001FDFFF70DFB94F94400B0F1FF3F01D1B5
:103D900084F8447094F94500B0F1FF3F01D184F8F4
:103DA0004570FFF71DFB05A9684600F02FF868B1C4
:103DB0002046FEF7D1F900F031FA2046FDF7F4FF76
:103DC0000028AFD006B00020BDE8F0872046FDF700
:103DD000EBFF90B104F124000599FFF753FC204656
:103DE000FEF7BAF900F01AFA00289BD1C9F8008052
:103DF000BFF34F8FBFF36F8F94E72046FEF7ACF908
:103E000000F00CFA8EE7000004ED00E02DE9F0412F
:103E100005460C46002D14D0DCB1FFF7C1FADFF8DF
:103E200080C0DCF80C006B68C11ADCF800200026AA
:103E300092F85220AAB1DCF8000080F85260012408
:103E400029E0502080F31188BFF34F8FBFF36F8FAD
:103E5000FEE7502080F31188BFF34F8FBFF36F8FC1
:103E6000FEE72268B2F1FF3F08D02F68DCF820C0DF
:103E7000674505D0834203D801240CE000240AE002
:103E80008A4206D9501A20602846FFF78FFB00248B
:103E900001E026600124FFF7A3FA2046BDE8F08187
:103EA000100700202DE9F04F85B081460F9F0E9E30
:103EB0008A4690469B464FEA8800FEF781F9054600
:103EC00028000AD05420FEF77BF904460CB1256384
:103ED00004E02846FFF79AFA00E000249CB1002095
:103EE00084F8510003905B46424651460197009684
:103EF00002944846FDF78AFE2046FDF731FD05B0E5
:103F00000120BDE8F08F05B04FF0FF30BDE8F08F25
:103F100070B586B00646DDF828C00C9C0B980028CA
:103F200016D0ECB1542504952063022084F851008A
:103F3000002005AD0390CDF800C0019502943046F5
:103F4000FDF764FE2046FDF70BFD059806B070BD39
:103F5000502080F31188BFF34F8FBFF36F8FFEE7C0
:103F6000502080F31188BFF34F8FBFF36F8FFEE7B0
:103F70002DE9F041074607243846ECF773FB10287B
:103F800007D3502080F31188BFF34F8FBFF36F8F9B
:103F9000FEE7FFF7F7FB154E641E04EB840006EB0B
:103FA00080003946FEF736F805460DB9002CF3D1EE
:103FB0000F4C25B93946606BFEF72CF8054625B93C
:103FC0003946A06BFEF726F8054625B9394609485B
:103FD000FEF720F8054625B939460748FEF71AF8D6
:103FE000054600F01BF92846BDE8F081E8350020C1
:103FF00010070020C4360020B03600200548416973
:10400000002903D0006B18B10020704701207047D1
:1040100002207047100700200148C0687047000068
:104020001007002010B5FFF735FA0148C06810BD31
:10403000100700202DE9F0470026314F386B00288B
:1040400005D0B869401CB8613046BDE8F087F86813
:10405000451CFD609DB9786B006838B1502080F335
:104060001188BFF34F8FBFF36F8FFEE7786BB96B8B
:104070007963B863386A401C3862FDF7A3FFB86AF9
:10408000DFF8808085420FD34FF00109786B00681C
:1040900038B1786BC068C4686068854212D2B86273
:1040A00002E04FF0FF30B8623868C06A00EB800071
:1040B00058F82000012800D90126F8690028C3D04B
:1040C0000126C1E7201DFFF701F9A06A18B104F12C
:1040D0001800FFF7FBF8E16A3A6909FA01F01043AA
:1040E000386101EB810008EB8000211DFFF74BF9DF
:1040F000E06A3968C96A8842C8D30126C6E7000069
:1041000010070020E835002070B504460021002883
:1041100041D0224D2868844207D0502080F3118876
:10412000BFF34F8FBFF36F8FFEE7A06C38B1401E17
:10413000A064636CE26A9A422DD040B12BE050201B
:1041400080F31188BFF34F8FBFF36F8FFEE7201D01
:10415000FFF7BCF81249012258B9E06A00EB80036E
:1041600051F823302BB92B6902FA00F023EA000042
:104170002861606CE062C0F10700A061E06A2B6911
:1041800082401A432A6100EB800001EB8000211D70
:10419000FFF7F9F80121084670BD00001007002064
:1041A000E835002070B5C068C468002C14D004F154
:1041B0001800FFF78BF8164D286B0126A0B104F10B
:1041C00018011448FFF7DFF8E06A2968C96A8842D5
:1041D0001CD90120EE6170BD502080F31188BFF31F
:1041E0004F8FBFF36F8FFEE7201DFFF76FF8E06A78
:1041F0002A6906FA00F111432961074900EB8000A2
:1042000001EB8000211DFFF7BEF8DDE7002070BD47
:10421000100700209C360020E83500202DE9F047EB
:104220000024A0462D4D286B002807D0FFF7B8F8D2
:10423000286B401E2863286B40B149E0502080F372
:104240001188BFF34F8FBFF36F8FFEE7A868002878
:104250003ED0234F3868012600B3A7F1B409F868AF
:10426000C46804F11800FFF731F8201DFFF72EF89D
:10427000E06A2A6906FA00F11143296100EB800027
:1042800009EB8000211DFFF77EF8E06A2968C96A02
:10429000884200D3EE6138680028E0D10CB1FDF708
:1042A00091FEAC6944B1FFF7C5FE00B1EE61641E3A
:1042B000002CF8D10020A861E86948B14FF001084E
:1042C00008494FF080500860BFF34F8FBFF36F8FE6
:1042D000FFF786F84046BDE8F08700001007002091
:1042E0009C36002004ED00E030B587B00024FDF7D7
:1042F0007BFB134D2868B0B100200690059004AAFE
:1043000005A906A8FFF70AF8059906980222009267
:104310000191029000230BA10C48049AFFF7F8FDCD
:10432000686000B1012414B107B0204630BD5020B0
:1043300080F31188BFF34F8FBFF36F8FFEE700004C
:104340004C070020546D722053766300452101080C
:10435000F0B585B084460A9D16461F460022BCF182
:10436000000F14D0164C206800B300910196CDF8D0
:1043700008C006291BDAFFF741FE02280FD00023F0
:104380001A4669462068FFF785FB024615E0502073
:1043900080F31188BFF34F8FBFF36F8FFEE70023C9
:1043A0002A4669462068FFF775FB024605E00023B0
:1043B0003A466946FFF726FC024605B01046F0BDB6
:1043C0004C07002010B500290AD00878002807D033
:1043D00005487844EDF7F6FA002801D0002010BD1A
:1043E0000248784410BD0000763700006E370000A8
:1043F00010B500290AD00878002807D0054878446D
:10440000EDF7E0FA002801D0002010BD0248784402
:1044100010BD0000663700005E37000081F00041EB
:10442000704780F00040704721F00041704720F055
:104430000040704721F00042A2F16052B2F5801FA7
:1044400001F0004328BFD2F17E6C51D9F1EE10CAC1
:104450001CF4400F14D15FEAC00C43EAC20202EB25
:10446000507008BF70475FEA4C0C40F10000DFF865
:1044700080C241F04B8228BF20F0010001F046BA13
:10448000C30001F0004343EAC20202EB507008BFD0
:1044900070471B4248BF4FEA4C0C1CF4000F08BF8A
:1044A000401CDFF84CC201F031BAC30001F00043F8
:1044B00043EAC20202EB507204BF104670471B422F
:1044C00048BF4FEA4C0C1CF4000FDFF824C218BFA1
:1044D000104641F01B8208BF521C12F4000F08BFA7
:1044E000104601F0138221F0004201F0004330E059
:1044F00050EA410C04BF084670475FEA125CBCF109
:10450000FE0F1ED1F1EE10CA1CF4400FCDD15FEAB0
:10451000C00C9BD05FEA001C4FEAC20C4CEB507CF5
:1045200004BFC2002CEAD27C1CF4000F04BF4CEA8A
:104530000300DFF8BCC101F0E98121F00042A2F1E3
:104540006052B2F5801F4FEA410C2ADB1CF5001FB8
:1045500016D2F1EE10CA1CF4806F06D02CF0005C6D
:104560004CF0805CA1F140612AE04FF07F40DFF821
:1045700084C143EA500001F0C9B9084601F077BB95
:1045800070B500F09BFD00BF000000B9880000047A
:10459000FFF7F3BF21F0704243EA507040EAC200D7
:1045A0007047F1EE10CA2CF0805C4CF0005C1CF4FB
:1045B000006F25D04B00B3F5001F51D301F14061CE
:1045C0001CF4400F40F07E800CF0405CC3004CF0C7
:1045D000880C11D05CF0404C10F0805F0CD003468A
:1045E00010F1005041F10001020108BF20F000501D
:1045F000834218BF2CF0004C00F0604001F047BC33
:104600001CF4400F1AD01B4248BF4FEA4C0C1CF45C
:10461000000F13D112F1406248BF22F07F424FEAEF
:10462000C00CBCF1010F43EAC20242EB50704FF0E4
:10463000880228BF42F0804201F01EBB12F14062A6
:1046400048BF22F07F425FEAC00C43EAC20242EA5E
:1046500050704FF0880218BF42F0404201F00CBB8E
:1046600001F0004321F00041094214D0B1FA81FC6D
:10467000ACF10B0CCCF1200201FA0CF120FA02F2A1
:1046800041EA02014FEA0C5200FA0CF0A1EB0201E0
:1046900081EA03010FE0B0FA80F200FA02F002F1C1
:1046A00015024FEAD0214FEA0252A1EB02014FEA74
:1046B000405081EA0301F1EE10CA2CF0805C4CF00E
:1046C000005C7BE762460CF0405CC3004CF0880C59
:1046D00092D05CF0404C094248BF520012F4000FE7
:1046E0008AD110F1005041F100012CF0004C83D12F
:1046F000880000408800001010B5DFF840E211F596
:10470000801C13F580141EEA4C0F18BF1EEA440FDC
:1047100000F0C88091EA030F48BF83F0004300F126
:10472000FE86841A71EB030C05D2121943EB0C03BD
:10473000001B61EB0C014FEA1154A4EB135C23EA5C
:104740006E0321EA045143F48013DCF1200E53D3AD
:1047500022FA0CFE10EB0E0023FA0CFE41EB0E01C8
:10476000CCF1200E03FA0EFE10EB0E0051F1000109
:10477000B1F5801FCCF1200E53D201EB045112FA97
:104780000EF2BDE8104008BF7047F1EE10CA1CF4ED
:10479000400F1ED14FF0110C92F0000F4CF0804CE6
:1047A00041F1B480401C38BF5FEA420241F0AE8064
:1047B000002814BF20F0010041F100014FEA41033D
:1047C00013F5001F24BF4CF0805CA1F1C04101F043
:1047D0009DB811F0004F54BF1CF4000F1CF4800F63
:1047E0004FF0110C4CF0804C41F09080401CC1F017
:1047F0008D8041F10001E1E7012A43EB0302ACF1B6
:10480000200CDCF11F0E32BF4FF0000E23FA0CF328
:1048100010EB030041EB0451B4EB115FAFD0A1EBFF
:10482000045101F5801149085FEA300002FA0EF2E6
:1048300042EA420201EB04515FEA320213D0BDE8C2
:104840001040F1EE10CA1CF4400F1AD14FF0110CB9
:1048500092F0000F4CF0804CB0D5401C38BF5FEA9E
:104860004202ABD1A4E7BDE810404FEA410313F583
:10487000001F38BF7047DFF8C8C0A1F1C04101F088
:1048800045B811F0004F54BF1CF4000F1CF4800F0A
:104890004FF0110C4CF0804C90D1401C8ED341F164
:1048A00000018BE74EF4001E3EEA410418BF3EEAC9
:1048B000430439D091EA030F48BF83F0004300F16D
:1048C0002987841A71EB030C05D2121943EB0C03F0
:1048D000001B61EB0C0152EA430E4FEA1154A4EBAA
:1048E000135C13D05FEA445E21EA04511CBF23F03D
:1048F0000043ACF1010C7FF428AFBDE810404FF04D
:10490000110C801841EB030100F0EBBE5FEA445E3E
:10491000BDE8104018BF704750EA410C08BF70470F
:104920004FF0110C00F0DDBEBDE8104070B500F096
:10493000C5FB00BF64FBBE3E110000040000C0FFC9
:1049400011000010491058BFC1F140415B1058BF21
:10495000C3F140438B42EFF3008070472DE9C04123
:1049600030B4DFF864C33CEA111418BF3CEA1314F6
:1049700000F04B8181EA03051CEA111444EAD57466
:1049800018BF1CEA131500F01D81A4EB05044FF0BD
:10499000004545EAC12145EAC32341EA505143EAB3
:1049A000525304F17F74994204F500344FEAC02059
:1049B0004FEAC22208BF904200F0D0804FEA136550
:1049C0000FF20426765D4FEA134506FB05F7C7F1A3
:1049D000807706FB07F74FEAD737A7FB03687642D5
:1049E000C8F58038A7FB06CE38BFA8F1010807FB41
:1049F00008E64FF0000EA6FB028CE6FB03CEDCF1CE
:104A0000000CCEF1004E38BFAEF1010EA6FB0C58E3
:104A10004FF000074FF00005E6FB0E87A1FB08C62C
:104A2000A0FB07CE16EB0E0645F10005E1FB07657E
:104A300015F1E04E7EBFA4F580345FEA46066D4175
:104A400016F18007F1EE10CA45F100054FEA17276D
:104A500047EA05671CF4400F4FEA152536D14FEAA7
:104A60004666A6F15E46B6F1085F2FD9B4F1FE6F37
:104A70002CD8384624F0010C05EBC471BCF1FE6F54
:104A800001EB0C11DFF844C202D8F0BCBDE80041D4
:104A900040F23C8724425CBF01F5801E9EEAC47F41
:104AA00002D4F0BCBDE8004140F13087244277D405
:104AB000DFF81CC256EA080EA1F1C04118BF4CF045
:104AC000804CF0BCBDE8004100F020BF4FEAD2228C
:104AD00042EA43524FEAD323A7FB02864FEAD02093
:104AE00040EA415007FB03661EEA0E0F4FEAD12150
:104AF00005FB026658BFA6EB0056B6EB00564FEA20
:104B0000520E4EEAC37E18EB0E0E56EB530E05D531
:104B100018EB02085E417F1C55F1000556EA080EAD
:104B200024D01CF4400FA4D014F0010F18BF4FEA9A
:104B30004C0C1CF4000F08D036429AD4B8EB020893
:104B40009E417F1E75F1000593E7364291D518EB23
:104B500002085E417F1C55F100058AE74FF480157D
:104B60004FF000074FF000064FF0000824F0010C52
:104B7000384605EBC471BCF1FE6F01EB0C1102D895
:104B8000F0BCBDE800811CEA0C0F5CBF01F5801E83
:104B90009EEAC47F02D4F0BCBDE80081244287D5E0
:104BA00056EA080C01F1C0411CBF06F0004C4CF065
:104BB000804C4CF0005CF0BC4CF0140CBDE80041A3
:104BC00000F0E6BD50EA410E0CEA13150BD052EA94
:104BD000430E13D000F0F3FA641B86EA4606240461
:104BE00044EAD674D3E652EA430E00F02680F0BCC5
:104BF00081EA030101F00041BDE80081F0BCBDE89D
:104C00000041DFF8D0C000F081BEF0BCBDE800413B
:104C100070B500F053FA00BF097EFC3E140000049A
:104C200000F007B881EA03014FF0000001F00041F5
:104C3000704781EA030100F0FABAF0BCBDE8004118
:104C40005FF828C000F062BEFFFDFBF9F7F5F4F253
:104C5000F0EEEDEBE9E8E6E4E3E1E0DEDDDBDAD817
:104C6000D7D5D4D3D1D0CFCDCCCBCAC8C7C6C5C475
:104C7000C2C1C0BFBEBDBCBBBAB9B8B7B6B5B4B38C
:104C8000B2B1B0AFAEADACABAAA9A8A8A7A6A5A477
:104C9000A3A3A2A1A09F9F9E9D9C9C9B9A9999983B
:104CA0009797969595949393929191908F8F8E8EDE
:104CB0008D8C8C8B8B8A898988888787868585846B
:104CC00084838382828181800000FF07140000407A
:104CD000140000101400000851EA030C11D41CF554
:104CE000801F00F10680994218BF704708BF9042AC
:104CF000704711F5801F58BF13F5801F18D49942D3
:104D000070471CF5801F09D550EA410C0EBF52EACE
:104D1000430C8B42704708BF824270474FF4001C1F
:104D20001CEB410F38BF1CEB430F01D28B42704785
:104D300070B500F0C3F900BF92244938190012047D
:104D40004FF000514FF08053FFF7FCBD4FEA410395
:104D500080B54FEA5353A3F58063D3F11E03C8BF58
:104D6000D3F1210C1FDD4FF0004242EAC12242EA9A
:104D7000505232FA03FC62FA03F787EA0C0757EA4B
:104D8000C0270BD032FA03FC8CEAE17CACEBE1707B
:104D9000BDE88040DFF874C000F0B8BD8CEAE17C6B
:104DA000ACEBE17080BD50EA410C00D180BD102B0E
:104DB00007DD4FF00000BDE88040DFF850C000F094
:104DC000A5BD03F5787CBCF1FF3F14D0002B02BFDA
:104DD0007FEA210C5FEA013C5FEA505C05D10028C4
:104DE0004FF00040D4D100D180BDBDE88040DFF855
:104DF00020C000F08BBDBDE8804070B500F05EF9CA
:104E0000000000BFC800030480B5DFE7C80002400F
:104E1000C800020410F0004248BF4042B0FA80F3DC
:104E200010FA03F10AD0C3F11D0303F580634FEAC2
:104E3000415002EB035202EBD12170474FF00000CA
:104E40007047B1FA81F201FA02F1C2F11D024FEA94
:104E5000415003EB025303EBD1217047B0FA80F3CA
:104E600010FA03F10AD0C3F11D0303F580634FEA82
:104E700041504FEA035202EBD12170474FF000003E
:104E80007047000051EA030C11D41CF5801F00F19B
:104E90000680994218BF704708BF9042704711F5CD
:104EA000801F58BF13F5801F18D4994270471CF516
:104EB000801F09D550EA410C0EBF52EA430C8B42C9
:104EC000704708BF824270474FF4001C1CEB410F33
:104ED00038BF1CEB430F01D28B42704770B500F016
:104EE000EDF800BF0000003F19001604FFF72ABDCF
:104EF0004FF000514FF08053FFF724BDDFF8B4C1ED
:104F000070B51CEA111E1EBF1CEA13159EEA0C0F99
:104F100095EA0C0F00F0948081EA030421EA4C1119
:104F20004EEAD47E23EA4C13AE4441F4801143F49C
:104F30008013A1FB024CA0FB0365AEF17F7E361906
:104F400055EB0C05A1FB034C4CF10003A0FB021C2C
:104F500016EB0C06654153F10003094218BF46F0F9
:104F6000010613F4007F0BD14FEA03314FEA0530FD
:104F7000340341EA155140EA16506FF003020AE08B
:104F80004FEAC3214FEAC520F40241EA555140EAF5
:104F900056506FF00202264602EB2E4201EB0255FC
:104FA00085EACE7127D0F1EE10CA05461CF4400CFC
:104FB00014D15FEA440C18BF24F0004450F1000003
:104FC00041F1000120EAD47040F2FD7C624517D225
:104FD000BDE87040DFF8E0C000F098BC5FEACE7436
:104FE00054BF1CF4000F1CF4800F08BF10F1010027
:104FF00041F10001E8E740F2FE7C624504D270BD59
:1050000008BF11F4801FE3D0A84214BF4FF08044C2
:105010004FF04044002E08BF0024BEF1806FD8BF7F
:1050200001F1C041A8BFA1F1C04144F0130CA8BFD9
:105030004CF0805CBDE8704040F3AA8300F066BC91
:105040009EEA0C0F0CEA131518BF95EA0C0F19D045
:1050500091EA030F48BF4EF0010E50EA410418BF19
:1050600052EA430409D000F0AAF8641986EA460619
:105070004FEA044E4EEAD67E5BE74FEACE714FF020
:10508000000070BD00F01AF88900013E1300000412
:1050900000F005B800F007B852EA430C06D081EAE8
:1050A000030100F0C4B850EA410CF8D15FF824C005
:1050B00000F02CBC0000FF07130000400EF1020EB0
:1050C0002EF0030E01285EF8086B41EB010414F585
:1050D000001418BFB4F5801F23D3364208D4012A28
:1050E00043EB030515F5001518BFB5F5801F18D360
:1050F00001EB010C1CF5801F16D2364204D403EBE1
:10510000030C1CF5801F0FD2002C10D14FEAD17C6C
:10511000002D0CEB4C0C0CF1020C08BF4CEBD37CBB
:1051200007E04FF0090C04E04FF0080C01E04FEAF3
:10513000D37C0CEB4C0526FA05F606F00706B6F113
:10514000040C06D20EEB860CBDE870404CF0010C4E
:105150006047DFE80CF0222413025EF804CC1B2D1C
:1051600008D1002C88BFB4F5801F34BF4CF4804CAC
:105170004CF4004CBDE8704000F0C8BB002C88BF68
:10518000B4F5001F24BF1946104670BD4FF0000053
:105190004FF00041A1F5002170BD194610460128CD
:1051A00051EB010418BFD4F5001484BF5EF804CCA1
:1051B0002CF0806CBDE8704000F28783704780B5AA
:1051C0004FF003065C004FEA03334FEA3606640DE6
:1051D0004FEA133318BF43F480131CD153EA125E15
:1051E00004F1010402BF13460022203C1B4202BF0F
:1051F000130B1205143CB3FA83FEAEF10B0ECEF185
:10520000200C03FA0EF322FA0CFC02FA0EF2A4EBC5
:105210000E0443EA0C030FB416F0010F0CBC03BCE0
:1052200018BF2546CED180BD80B50126F3E708081A
:10523000A0F500114FEA3101704753EA010C11D477
:105240001CF5801F00F106808B4218BF704708BF15
:105250008242704713F5801F58BF11F5801F18D484
:105260008B4270471CF5801F09D552EA430C0EBFD4
:1052700050EA410C9942704708BF904270474FF482
:10528000001C1CEB430F38BF1CEB410F01D29942AD
:1052900070470FB40CBC03BCFFF720BE10B5DFF89D
:1052A00048E011F5801C13F580141EEA4C0F18BF5E
:1052B0001EEA440F09D091EA030F81F000413FF547
:1052C00030AA83F0004300F02AB981EA030180EAA2
:1052D000020083EA010382EA000281EA030180EA14
:1052E000020000F008BA00BF0000C0FF2DE9F04145
:1052F00001F5801CBCF5001FC0F2DC804FEA115C98
:1053000021EA0C5141F480110CF1FD0C5FEA5C0CB8
:105310000CF5C07C01D34000494135A4890241EA23
:10532000905187028E0E0A0CA45D04FB04F602FB6A
:1053300006F6C6F14046A4FB0662F60D46EA422692
:1053400006FB06F4A4FB01235242C3F1404338BFDD
:105350005B1EA6FB02420024E6FB0324D20B42EABA
:105360004446A6FB0623A1FB02E2A3FB07E4E3FB02
:1053700061426442C2F1404E38BFAEF1010EA6FB5D
:1053800004234FF00002E6FB0E32A2FB034634007A
:10539000E2FB6264A1FB06E6A4FB07E8E4FB6168AC
:1053A0007642C8F1405838BFA8F10108A2FB06E4D4
:1053B000A3FB08E5E2FB6854A1FB05E6A7FB04E8B4
:1053C000E1FB648618F12005F1EE104A56F1000663
:1053D000A809B10914F4400F40EA866028D1A8F169
:1053E0001B0808F01F08B8F10A0F21D9BDE8F041E9
:1053F00001EB0C514FF0170C4CF0804C00F086BACA
:10540000FCF5EEE8E2DDD8D3CFCBC7C3C0BDB9B65B
:10541000B4B1AEACA9A7A5A3A19F9D9B9A98969560
:105420009392908F8D8C8B898887868584838281E7
:10543000A0FB006800FB01F208EB4208B8EB8728EC
:1054400058EA060215D014F4400F16D118EA080FD6
:1054500007D5341858EB0104C8D5401C51F10001A0
:10546000C4E7341A78EB0104C0D4401E71F1000186
:10547000BCE701EB0C51BDE8F08114F4000F0CD136
:1054800018EA080FB2D5361858EB0108401C51F144
:105490000001361858EB0108F2E718EA080FA5D406
:1054A000361A78EB0108401E71F10001361A78EBCC
:1054B0000108F2E75FEA4C0C5FEA9C5C14D10AD366
:1054C00050EA013C01D1BDE8F08109420CD4FFF75C
:1054D000ABFEA44618E7BDE8F04170B5FFF7EEFD5E
:1054E0006DDBFFBE17000004BDE8F0415FF80CC0A3
:1054F00000F00CBA10B5DFF894E211F5801C13F53A
:1055000080141EEA4C0F18BF1EEA440F00F0F3800F
:1055100091EA030F48BF83F000433FF502A9841AC4
:1055200071EB030C07D212198CF0004C43EB0C0307
:10553000001B61EB0C0152424FEA1154A4EB135CC7
:1055400023EAAE0321EA0451C3EBAE0338BF5B1E6E
:10555000DCF1200E48D322FA0CFE10EB0E0043FAC9
:105560000CFE41EB0E01CCF1200E03FA0EFE10EB07
:105570000E0051F10001CCF1200E4CD412FA0EF2C3
:1055800001EB0451BDE8104008BF7047F1EE10CAAE
:105590001CF4400F14D14FF0120C92F0000F4CF09D
:1055A000804C40F1B381401C18BFB2F1004F40F075
:1055B000AD8100280CBF491C20F0010000F0A6B905
:1055C00011F0004F54BF1CF4000F1CF4800F4FF07B
:1055D000120C4CF0804C40F09981401C40F09681B8
:1055E00041F1000100F092B912EB020E43EB03020D
:1055F00018BF4FF0010E4EEA4202ACF1200CDCF174
:105600001E0E4BD943FA0CFE10EB0E0051F1FF3188
:10561000CCF11E0EB2D50EF1010E12FA0EFE404173
:1056200041EB010101EB445C5FEA5C5C06D95FEA97
:105630000E0201EB0451BDE81040A5E73BD24FEA52
:10564000D42C11F5001124F400641AD0B1FA81F2BF
:105650000B3AA41AA41ED2F12003914030FA03F3AE
:105660001943904001EBCC71002C01EB0451BDE8D3
:105670001040A8BF704701F1C0414FF0120C00F07C
:1056800087B8B0FA80F310FA03F101D1BDE81040F9
:1056900019D0E41A173C4805C90AE3E701EB0451A5
:1056A000BDE81040401E61F100015FF0FF326BE782
:1056B00001EB045110BD491001EB0451BDE810404D
:1056C0004FEA30000BE0F1EE10CA4FF000010CF48D
:1056D000400CBCF5000F08BF4FF0004170474FF081
:1056E000120C4A0008BF0042EDD0B2F5001F28BFDF
:1056F000704700F0EAB84EF4001E3EEA410418BFBD
:105700003EEA430434D091EA030F48BF83F00043DC
:105710003FF5D7A8841A71EB030C07D212198CF04D
:10572000004C43EB0C03001B61EB0C0152EA033EFF
:105730004FEA1154A4EB135C14D05FEA445E21EAF3
:10574000045109D023F000435242ACF1010CC3F1E3
:10575000000338BF5B1EFBE6BDE81040801A61EB1A
:105760000301BCE7BDE8104050EA410CB7D1AAE7FD
:10577000BDE8104070B5FFF7A1FC00BF40DFF63E6A
:105780001100000483F00041104670470000C0FF84
:10579000F1EE103A13F0807F1EBF01F000410020AF
:1057A000704713F4006F40F0AA80094248BF4CF4E0
:1057B000803C4FF4C0634FEA115203F1010321EA28
:1057C000025122F400629A1A48BF6FF0FE0241F4BF
:1057D0008011352A3CD830D0152A1ED3203A0CD956
:1057E0000028C2F1200321FA02F001FA03F218BFE7
:1057F00042F001024FF0000130E0C2F1000302F17B
:10580000200201FA03F120FA02F241EA020100FA51
:1058100003F208464FF0000120E0C2F1200310B46B
:1058200000FA03F401FA03F320FA02F021FA02F17C
:10583000224610BC43EA000010E050EA01324FF06B
:1058400000004FF000014FF0004218BF521C05E06D
:105850004FF001024FF000014FF000001CF4803FB8
:105860002CF4803C18BF41F0004112421ED0F1EEF2
:10587000103A13F4400F20D1520003D30CD0401C37
:1058800041F10001F1EE103A4CF0804C43F0080376
:10589000E1EE103A00F03AB85FEAAC72EFD4F1D121
:1058A000401C41F1000120F00100EBE71CF0804FAB
:1058B00008BF70472CF0004CE4E7094254BF13F4D2
:1058C000000F13F4800FDDD1D9E7F1EE103A13F099
:1058D000807F1EBF01F000410020704713F4006F6D
:1058E00008BF70472DE9F050FFF79EFC04F5C06437
:1058F000A4F10104314301EB0451BDE8F0504CF038
:10590000005C4CF0800C00F0C2BA00001CF0700F7C
:1059100008BF0A460FB4F1EE101A0CF0405030EAFE
:10592000814318BF4CF0804C4FEA4C0310EA814F82
:105930004FEAD36323EA112318BF23F0100341EA8F
:10594000030101F0E073E1EE101A4CEA030C0CF0D5
:105950000F030A2B1DBF082B0CF070034CEAC30C7D
:105960004FF4003304BF33EA0C034CF4400C1CF03A
:10597000005F14D11CF0805F0BD11CF0804F31D13F
:105980001CF0006F12D111F4807F0FBC62D000F0C8
:105990007EBA11F4806F0FBC2BD000F078BA11F4EE
:1059A000006F0FBC08BF704700F071BA11F4007FA0
:1059B0000FBC40F06C821CF0400F1EBF4FF0004047
:1059C00040F0010070471CF0100F14BF81EA030281
:1059D00042400CF00F000A2808BF4FF0FF324FF092
:1059E000000326E011F4805F0FBC08BF704700F091
:1059F0004EBAF1EE103A2CF0805C1CF0800F14BF10
:105A000001F0004200F0004212420CBF12EA336F74
:105A100012EAF35F0DD31CF0100F1DBF30A003C8B6
:105A20001143314808BF104313F4805F40F02F82C8
:105A300070471CF0100F02F000421DBF0FF29400DF
:105A400003C81143254808BF104313F4805F40F09A
:105A50001E8270471CF0400F40F028801CF4404F1D
:105A60001BD01CF4004F1CBF194610460CF480726A
:105A700018BF8CEA520C1CF0800F0CBF40F4800061
:105A800041F400218CEADC0313F0100F1CBF2CF052
:105A90000F0C4CF0080C00F0A1B91CF0100F1ABF4D
:105AA00012A393E80300134800F098B91CF0800F8C
:105AB00014BF01F0004200F000421CF0100F1BBFA9
:105AC0000AA393E803000B48114308BF104300F0FA
:105AD00085B900BF000000000000F07F0000807F5B
:105AE000FFFFFFFFFFFFEF7FFFFF7F7F0000000052
:105AF0000000F87F0000C07F43004FEAD30C4FEA5C
:105B00003C0C43401FBF40070CF1605113F0FE4FA7
:105B100070471CF0006F14D133F0004004BF1946E9
:105B2000704783EA830383EA430303F0070343EAEE
:105B3000CC010CF0004303F15A5303F54013FFF777
:105B400080B90CF0004343EA507010B540EACC0035
:105B500000F00FF8000000BA180000044FEA00013E
:105B6000FFF765BB4FEAE0024FEA407042F0E041C8
:105B700070470EF1020E2EF0030E4FEA40025EF85F
:105B8000084B12F1807218BFB2F5000F22D32442E5
:105B900007D44FEA410313F1807318BFB3F5000F28
:105BA00018D34FEA400C1CF5000F16D2244204D43F
:105BB0004FEA410C1CF5000F0FD2002A10D14FEA1A
:105BC000D07C002B0CEB4C0C0CF1020C08BF4CEB06
:105BD000D17C07E04FF0090C04E04FF0080C01E025
:105BE0004FEAD17C0CEB4C0324FA03F404F00704D5
:105BF000B4F1040C06D20EEB840CBDE810404CF05E
:105C0000010C6047DFE80CF01F2013025EF804CCA3
:105C10001B2B08D1002A88BFB2F5000F34BF4CF40B
:105C2000804C4CF4004CBDE81040FFF76FBE002ADA
:105C300088BFB2F1807F28BF084610BD4FF00040FA
:105C4000A0F5800010BD0846420018BFD2F1807256
:105C500084BF5EF8042C22F08062BDE8104000F2A0
:105C60008A8070474FF00000E1EE100A7047FF2174
:105C700041EAD050C0057047F1EE101A11F0807F54
:105C80001CBF00F00040704711F4006F40F08E80A0
:105C900000F0004343EAD05323F48073C3F1C103FF
:105CA00023F00041172941D8C3F1200310FA03F172
:105CB000C3F1200320F07F4040F4000020FA03F0FD
:105CC00003F0004340EA030019D00B46F1EE101A2E
:105CD00041F00801E1EE101A11F4400F1CD15900F7
:105CE00009D318BF401C06D17FEAE27398BF401C5D
:105CF00038BF20F0010042F0804CFFF707BE12F0E1
:105D0000804F08BF7047F1EE101A944641F0080129
:105D1000E1EE101AFFF7FABD10F0004F14BF5FEA72
:105D2000F1535FEA316338BF401CE4E7182903EB05
:105D3000912318BF6FF000410131F1EE101A41F0CC
:105D40000801E1EE101A11F4400F18BF03F00040F3
:105D5000E2D168BF03F0004009D6400203F00040E2
:105D600000F1010004BF12F0004F20F001004FF0DD
:105D7000804CFFF7CBBDF1EE101A11F0807F1CBFF5
:105D800000F00040704711F4006F08BF704700F04A
:105D9000004120F00040B0FA80F3A3F1080341F085
:105DA000C04100FA03F0A1EBC351084442F0005C8B
:105DB00000F06DB8064A21EA020120EA0202F1EE83
:105DC000100A20EA020282EA0102E1EE102A70477C
:105DD00060603FF6EBF786B9EBF7BABA0CF00F0349
:105DE000092B08BF082000F064800A2B32D0082B52
:105DF00018BF704708BF1CF0400F31D01CF4803F23
:105E000023D11CF0200F11D11CF0100F0BBF024644
:105E10000A466FF000406FF0004118BF4FF0FF30AE
:105E200012F0004F1CBFC043C94370471CF0100F55
:105E30000CBF02460A4612F0004F4FF0FF304FF001
:105E4000FF311CBFC043C94370474FF000004FF003
:105E5000000170471CF0400F18BF4FF00040704722
:105E60001CF0100F08D020F0704300F07F4242EA8F
:105E7000D3014FEA4370704700F0604021F07F4249
:105E800042EA000201F07F4040EA727070472DE95B
:105E900000502DE90050EAF7DBFFBDE80050BDE8F7
:105EA00000500CF00F0393F0090F18BF7047AFF3C9
:105EB00000801CF4801F24D01CF4E02F09D010F0C7
:105EC000080F02D1D0F1020070476FEACC314900CF
:105ED00070474FF0604111EA407028BF40F04050D9
:105EE000F1EE103A23F0704343EA0003E1EE103A7A
:105EF000EFF3008222F0704242EA000282F300884F
:105F000070471CEA004018BF01207047207B010841
:105F1000892E010800000000000000008000000041
:105F200000000000000000000C7B0108F5040108DF
:105F3000010000000000000000020000000000005E
:105F400000000000007B0108950B01080200000022
:105F5000000000000002000000000000000000003F
:105F6000187B0108618700080300000000000000A2
:105F7000000400000000000000000000FC7A01089E
:105F8000891201080000000000000000000100006C
:105F90000000000000000000C87A0108BD260108CA
:105FA0000000000000000000800000000000000071
:105FB00000000000D07A010819EE0008000000007F
:105FC0000000000080000000000000000000000051
:105FD000B47A0108E9140108000000000000000084
:105FE000000100000000000000000000E07A01084D
:105FF000DD2F01080000000000000000800000000C
:106000000000000000000000BC7A010865140108CF
:10601000010000000000000000010000000000007E
:1060200000000000F07A0108DD1101080100000005
:1060300000000000800000000000000000000000E0
:10604000CDCC4C3E52491D3A0000A0410000D24345
:106050000000004000A08C453333B33E0000000038
:106060003333733F0008E145000020410000000089
:106070000000C844CDCC4C3E000000000000C841E8
:106080009A99193E00004040000080400000000046
:106090000000003F00007FE04020432041A040E09E
:1060A00043A04F205C2070207FE0000000007FE0D4
:1060B00040204020402040204020402040204020E0
:1060C0007FE0000018000E00DC6001080C000C00EE
:1060D000946001080C000C00AC600108FFFC800417
:1060E0008004800480048004800480048004800490
:1060F0008004800480048004800480048004800480
:106100008004800480048004FFFC078040AC037D91
:1061100004014103057C00026D0D026D09020B08AC
:106120000141090242C0030A0B0400000000000004
:10613000000000000000000000000000000000005F
:1061400000000000000000000000000002060E1E1B
:106150003E7EFEFEFEFEFEFEFEFEFEFEFEFEFEFE9F
:10616000FEFEFEFEFEFEFEFEFEFEFEFEFEFEFEFE4F
:10617000FEFEFEFEFEFEFEFCFCF8F8F0E0C0800035
:10618000000000000000000000000000000000000F
:1061900000000000000000000000000000000000FF
:1061A00000000000000000000000000000000000EF
:1061B00000000000000000000000000000000000DF
:1061C00000000000000000000000000000000000CF
:1061D0000000000103070F1F3F7FFFFFFFFFFFFFCE
:1061E000FFFFFFFFF7E7C78707070707070707074F
:1061F000070707070F1FFFFFFFFFFFFFFFFFFFFE60
:10620000F00000000000000000000000000000009E
:10621000000000000000000000000000000000007E
:10622000000000000000000000000000000000006E
:10623000000000000000000000000000000000005E
:10624000000000000000000000000000000000004E
:106250000000000000C0FCFCFCFCFCFDFFFFFFFF99
:10626000FFFFFFFFFFFFFFFFFFFEFCFCFCFCFCFC51
:10627000FCFCFCFCFEFFFFFFFFFFFFFFFF7F3F0F6B
:10628000010000000000000000000000000000000D
:1062900000000000000000000000000000000000FE
:1062A00000000000000000000000000000000000EE
:1062B00000000000000000000000000000000000DE
:1062C00000000000000000000000000000000000CE
:1062D000000080F0FEFFFFFFFFFFFFFFFFFFFF1F3B
:1062E0000F0F0F0F0F0F0F1F3F7FFFFFFFFFFFFF6E
:1062F000FFFFFFFFFFEFCF87070303010000000050
:10630000000000000000000000000000000000008D
:10631000000000000000000000000000000000007D
:10632000000000000000000000000000000000006D
:10633000000000000000000000000000000000005D
:10634000000000000000000000000000000000004D
:10635000E0FCFFFFFFFFFFFFFFFFFFFF3F07000025
:1063600000000000404040C0C0C0C0C1C3C7CFDF74
:10637000FFFFFFFFFFFFFFFFFFFEFCF8F0E0C08024
:10638000000000000000000000000000000000000D
:1063900000000000000000000000000000000000FD
:1063A00000000000000000000000000000000000ED
:1063B00000000000000000000000000000000000DD
:1063C00000000000000000000000000000080C0FAA
:1063D0000F0F0F0F0F0F0F0F0F0F0F010000000017
:1063E0000000000000000000000101030307070F88
:1063F0000F1F1F3F3F7F7FFFF3E3C38303030303AD
:106400000302000000000000000000000000000087
:10641000000000000000000000000000000000007C
:10642000000000000000000000000000000000006C
:10643000000000000000000000000000000000005C
:10644000000000000000000000000000000000004C
:10645000000000000000000000000000000000003C
:10646000000000000000000000000000000000002C
:10647000000000000000000000010103030604000A
:10648000000000000000000000000000000000000C
:1064900000000000000000000000000000000000FC
:1064A00000000000000000000000000000000000EC
:1064B000000060787B1B1B1B7B7F6F4E003E7F6361
:1064C00063637F3E00787B6B6B6B6B7B7F36003E3C
:1064D0007F6363637F3E4060783D071F7C701D07CC
:1064E0007F7840006070385D6F676F7C704000405F
:1064F000666F6B6B6B6B7B310203037F7F03036102
:10650000686B6B6B6B6B0B0360787B1B1B1B7B7B64
:106510006F4E00466F6F6B6B6B7B310000000000AD
:10652000000000000000000000000000000000006B
:10653000000000000000000000003F4000000000DC
:106540000000000030004000300040000000090062
:106550000BC03D000BC03D00090018C024407FE087
:10656000224031800000180024C01B000D80324002
:10657000018003801C4027401C8007400040100021
:1065800060000000000000000000000000000000AB
:106590001F80204040200000402020401F8000003D
:1065A0000000090006001F8006000900000004002A
:1065B00004003F80040004000000001000600000A0
:1065C00000000000000004000400040004000400B7
:1065D000000000000040000000000000000000205B
:1065E00001C006003800400000001F80204020400D
:1065F00020401F800000000010403FC0004000000D
:10660000000018C0214022402440184000001080A3
:106610002040244024401B80000002000D00110097
:106620003FC0014000003C8024402440244023809F
:1066300000001F80244024403440038000003000CC
:10664000200027C03800200000001B802440244088
:1066500024401B8000001C0022C0224022401F80DA
:1066600000000000000008400000000000000000E2
:1066700000000460000000000000000004000A00A8
:1066800011002080404009000900090009000900AC
:10669000000000004040208011000A0004001800A3
:1066A000200023402400180000001F8020402740C5
:1066B00029401F400000004007C039000F0001C002
:1066C000004020403FC0244024401B8000001F8029
:1066D0002040204020403080000020403FC020402B
:1066E00020401F80000020403FC024402E4030C08A
:1066F000000020403FC024402E00300000000F006A
:106700001080204022403380020020403FC004001F
:1067100004003FC02040204020403FC02040204097
:1067200000000060202020203FC0200020002040EA
:106730003FC024400B0030C0204020403FC02040DC
:106740000040004000C03FC03C0003C03C003FC0D0
:10675000000020403FC00C4023003FC020001F80AD
:106760002040204020401F80000020403FC02440A7
:106770002400180000001F802140214020E01FA0BD
:10678000000020403FC02440260019C0004018C02F
:1067900024402440224031800000300020403FC08F
:1067A00020403000000020003F80004000403F803B
:1067B000200020003E0001C0070038002000380003
:1067C00007C03C0007C038000000204039C0060068
:1067D00039C0204000002000384007C03840200069
:1067E0000000304021C02640384020C0000000009A
:1067F00000007FE0402040200000000070000C00FE
:106800000380004000000000402040207FE00000A6
:1068100000000000200040002000000000000010E8
:1068200000100010001000100010000000004000D8
:10683000000000000000000002800540054003C089
:10684000004020003FC004400440038000000000DE
:106850000380044004400640000000000380044020
:1068600024403FC000400000038005400540034035
:106870000000000004401FC024402440200000000D
:1068800002E0055005500650042020403FC004405F
:10689000040003C000400000044027C00040000086
:1068A000000000100010041027E00000000020404D
:1068B0003FC00140070004C00440204020403FC0CA
:1068C00000400040000007C0040007C0040003C0EF
:1068D0000000044007C00440040003C00040000062
:1068E00003800440044003800000041007F00450BB
:1068F000044003800000000003800440045007F0BF
:106900000010044007C00240040004000000000022
:1069100006400540054004C00000000004001F8040
:10692000044000400000040007800040044007C00D
:1069300000400400070004C00180060004000600B7
:1069400001C0070001C006000000044006C00100AD
:1069500006C0044000000410071004E00180060097
:1069600004000000044005C0064004400000000090
:10697000000004007BE04020000000000000000058
:10698000FFF000000000000040207BE00400000059
:106990000000400080004000200020004000005E19
:1069A000BCE2613FDD83C29C7E20A3FD1F419DC3ED
:1069B000217FFCA2401E5F01E3BD3E6082DC237D9F
:1069C0009FC1421CFEA0E1BF5D0380DE3C62BEE0D1
:1069D000025CDF81633D7C22C09E1D43A1FF4618FF
:1069E000FAA427799BC584DA3866E5BB5907DB85AD
:1069F0006739BAE406581947A5FB7826C49A653B5F
:106A0000D987045AB8E6A7F91B45C6987A24F8A690
:106A1000441A99C7257B3A6486D85B05E7B98CD2BE
:106A2000306EEDB3510F4E10F2AC2F7193CD114F6C
:106A3000ADF3702ECC92D38D6F31B2EC0E50AFF11E
:106A4000134DCE90722C6D33D18F0C52B0EE326C50
:106A50008ED0530DEFB1F0AE4C1291CF2D73CA947E
:106A60007628ABF517490856B4EA6937D58B57092C
:106A7000EBB536688AD495CB2977F4AA4816E9B7DE
:106A8000550B88D6346A2B7597C94A14F6A8742A10
:106A9000C896154BA9F7B6E80A54D7896B3500009C
:106AA000891112239B322446AD573665BF74488C3A
:106AB000C19D5AAFD3BE6CCAE5DB7EE9F7F8811001
:106AC000080193331A22A5562C47B7753E64C99C1A
:106AD000408DDBBF52AEEDDA64CBFFF976E80221E0
:106AE0008B30100299132667AF763444BD554AADFA
:106AF000C3BC588ED19F6EEBE7FA7CC8F5D98331C1
:106B00000A2091121803A7772E66B5543C45CBBDD9
:106B100042ACD99E508FEFFB66EAFDD874C904429F
:106B20008D5316619F702004A9153227BB364CCEB9
:106B3000C5DF5EEDD7FC6888E1997AABF3BA855280
:106B40000C4397711E60A1142805B3373A26CDDE99
:106B500044CFDFFD56ECE9986089FBBB72AA06635F
:106B60008F7214409D512225AB343006B9174EEF79
:106B7000C7FE5CCCD5DD6AA9E3B8788AF19B877340
:106B80000E6295501C41A3352A24B1163807CFFF59
:106B900046EEDDDC54CDEBB962A8F99A708B08841F
:106BA00081951AA793B62CC2A5D33EE1B7F0400851
:106BB000C919522BDB3A644EED5F766DFF7C8994E8
:106BC00000859BB712A6ADD224C3BFF136E0C11831
:106BD0004809D33B5A2AE55E6C4FF77D7E6C0AA5C7
:106BE00083B4188691972EE3A7F23CC0B5D1422911
:106BF000CB38500AD91B666FEF7E744CFD5D8BB5A8
:106C000002A499961087AFF326E2BDD034C1C339F0
:106C10004A28D11A580BE77F6E6EF55C7C4D0CC686
:106C200085D71EE597F42880A1913AA3B3B2444AD0
:106C3000CD5B5669DF78600CE91D722FFB3E8DD667
:106C400004C79FF516E4A9902081BBB332A2C55AB0
:106C50004C4BD7795E68E11C680DF33F7A2E0EE746
:106C600087F61CC495D52AA1A3B03882B193466B90
:106C7000CF7A5448DD59622DEB3C700EF91F8FF727
:106C800006E69DD414C5ABB122A0B9923083C77B70
:106C90004E6AD5585C49E33D6A2CF11E780F005EC0
:106CA000BCE2613FDD83C29C7E20A3FD1F419DC3EA
:106CB000217FFCA2401E5F01E3BD3E6082DC237D9C
:106CC0009FC1421CFEA0E1BF5D0380DE3C62BEE0CE
:106CD000025CDF81633D7C22C09E1D43A1FF4618FC
:106CE000FAA427799BC584DA3866E5BB5907DB85AA
:106CF0006739BAE406581947A5FB7826C49A653B5C
:106D0000D987045AB8E6A7F91B45C6987A24F8A68D
:106D1000441A99C7257B3A6486D85B05E7B98CD2BB
:106D2000306EEDB3510F4E10F2AC2F7193CD114F69
:106D3000ADF3702ECC92D38D6F31B2EC0E50AFF11B
:106D4000134DCE90722C6D33D18F0C52B0EE326C4D
:106D50008ED0530DEFB1F0AE4C1291CF2D73CA947B
:106D60007628ABF517490856B4EA6937D58B570929
:106D7000EBB536688AD495CB2977F4AA4816E9B7DB
:106D8000550B88D6346A2B7597C94A14F6A8742A0D
:106D9000C896154BA9F7B6E80A54D7896B35000099
:106DA000891112239B322446AD573665BF74488C37
:106DB000C19D5AAFD3BE6CCAE5DB7EE9F7F88110FE
:106DC000080193331A22A5562C47B7753E64C99C17
:106DD000408DDBBF52AEEDDA64CBFFF976E80221DD
:106DE0008B30100299132667AF763444BD554AADF7
:106DF000C3BC588ED19F6EEBE7FA7CC8F5D98331BE
:106E00000A2091121803A7772E66B5543C45CBBDD6
:106E100042ACD99E508FEFFB66EAFDD874C904429C
:106E20008D5316619F702004A9153227BB364CCEB6
:106E3000C5DF5EEDD7FC6888E1997AABF3BA85527D
:106E40000C4397711E60A1142805B3373A26CDDE96
:106E500044CFDFFD56ECE9986089FBBB72AA06635C
:106E60008F7214409D512225AB343006B9174EEF76
:106E7000C7FE5CCCD5DD6AA9E3B8788AF19B87733D
:106E80000E6295501C41A3352A24B1163807CFFF56
:106E900046EEDDDC54CDEBB962A8F99A708B08841C
:106EA00081951AA793B62CC2A5D33EE1B7F040084E
:106EB000C919522BDB3A644EED5F766DFF7C8994E5
:106EC00000859BB712A6ADD224C3BFF136E0C1182E
:106ED0004809D33B5A2AE55E6C4FF77D7E6C0AA5C4
:106EE00083B4188691972EE3A7F23CC0B5D142290E
:106EF000CB38500AD91B666FEF7E744CFD5D8BB5A5
:106F000002A499961087AFF326E2BDD034C1C339ED
:106F10004A28D11A580BE77F6E6EF55C7C4D0CC683
:106F200085D71EE597F42880A1913AA3B3B2444ACD
:106F3000CD5B5669DF78600CE91D722FFB3E8DD664
:106F400004C79FF516E4A9902081BBB332A2C55AAD
:106F50004C4BD7795E68E11C680DF33F7A2E0EE743
:106F600087F61CC495D52AA1A3B03882B193466B8D
:106F7000CF7A5448DD59622DEB3C700EF91F8FF724
:106F800006E69DD414C5ABB122A0B9923083C77B6D
:106F90004E6AD5585C49E33D6A2CF11E780F00001B
:106FA00000000000000001020304060708090000B9
:106FB000000001020304000610160006101600006F
:106FC000CDCC4C3ECDCC4C3ECDCC4C3E0000000058
:106FD000920E493CB10AC93C2BC3163D2EFB483DDD
:106FE000752B7B3D04A9963D80B6AF3D36BDC83DAF
:106FF0002FBCE13D73B2FA3D87CF093E8340163E78
:10700000B5AB223EA2102F3ECF6E3B3EC2C5473EDF
:107010000115543E135C603E7F9A6C3ECCCF783EA7
:10702000C07D823E938E883E229A8E3E32A0943E50
:1070300086A09A3EE59AA03E128FA63ED47CAC3E36
:10704000EF63B23E2A44B83E491DBE3E15EFC33E33
:1070500053B9C93ECA7BCF3E4136D53E80E8DA3EC1
:107060004F92E03E7533E63EBBCBEB3EEA5AF13E33
:10707000CBE0F63E275DFC3EE4E7003F3D9C033F4E
:10708000824B063F9BF5083F6B9A0B3FDA390E3F68
:10709000CDD3103F2A68133FD9F6153FC07F183F64
:1070A000C6021B3FD17F1D3FCBF61F3F9967223F92
:1070B00025D2243F5636273F1594293F4AEB2B3FD4
:1070C000DE3B2E3FBB85303FC9C8323FF304353F1E
:1070D000233A373F4268393F3B8F3B3FF9AE3D3F54
:1070E00067C73F3F70D8413F01E2433F03E4453F5C
:1070F00065DE473F12D1493FF8BB4B3F029F4D3FF2
:10710000207A4F3F3D4D513F4918533F31DB543FAB
:10711000E595563F5348583F6AF2593F1A945B3FF2
:10712000532D5D3F05BE5E3F2146603F97C5613FE1
:107130005A3C633F59AA643F880F663FD86B673F4C
:107140003CBF683FA7096A3F0C4B6B3F5E836C3FB7
:1071500093B26D3F9ED86E3F73F56F3F0809713F44
:107160005213723F4714733FDD0B743F0BFA743FA9
:10717000C6DE753F07BA763FC58B773FF853783F39
:107180009812793F9DC7793F02737A3FBE147B3FC7
:10719000CDAC7B3F283B7C3FC9BF7C3FAC3A7D3FB9
:1071A000CCAB7D3F23137E3FB0707E3F6DC47E3FEE
:1071B000580E7F3F6D4E7F3FAB847F3F0FB17F3FC7
:1071C00097D37F3F43EC7F3F11FB7F3F0000803F21
:1071D00011FB7F3F43EC7F3F97D37F3F0FB17F3F52
:1071E000AB847F3F6D4E7F3F580E7F3F6DC47E3F27
:1071F000B0707E3F23137E3FCCAB7D3FAC3A7D3FEA
:10720000C9BF7C3F283B7C3FCDAC7B3FBE147B3F5E
:1072100002737A3F9DC7793F9812793FF853783FC0
:10722000C58B773F07BA763FC6DE753F0BFA743FD2
:10723000DD0B743F4714733F5213723F0809713FCF
:1072400073F56F3F9ED86E3F93B26D3F5E836C3F88
:107250000C4B6B3FA7096A3F3CBF683FD86B673F49
:10726000880F663F59AA643F5A3C633F97C5613F08
:107270002146603F05BE5E3F532D5D3F1A945B3F44
:107280006AF2593F5348583FE595563F31DB543F2A
:107290004918533F3D4D513F207A4F3F029F4D3F8C
:1072A000F8BB4B3F12D1493F65DE473F03E4453F02
:1072B00001E2433F70D8413F67C73F3FF9AE3D3FD2
:1072C0003B8F3B3F4268393F233A373FF304353F1A
:1072D000C9C8323FBB85303FDE3B2E3F4AEB2B3FD8
:1072E0001594293F5636273F25D2243F9967223FE0
:1072F000CBF61F3FD17F1D3FC6021B3FC07F183F0B
:10730000D9F6153F2A68133FCDD3103FDA390E3F27
:107310006B9A0B3F9BF5083F824B063F3D9C033F1A
:10732000E4E7003F275DFC3ECBE0F63EEA5AF13E43
:10733000BBCBEB3E7533E63E4F92E03E80E8DA3E53
:107340004136D53ECA7BCF3E53B9C93E15EFC33E49
:10735000491DBE3E2A44B83EEF63B23ED47CAC3EEB
:10736000128FA63EE59AA03E86A09A3E32A0943E99
:10737000229A8E3E938E883EC07D823ECCCF783E50
:107380007F9A6C3E135C603E0115543EC2C5473E79
:10739000CF6E3B3EA2102F3EB5AB223E8340163E41
:1073A00087CF093E73B2FA3D2FBCE13D36BDC83DE3
:1073B00080B6AF3D04A9963D752B7B3D2EFB483D25
:1073C0002BC3163DB10AC93C920E493C0000000097
:1073D000920E49BCB10AC9BC2BC316BD2EFB48BDD9
:1073E000752B7BBD04A996BD80B6AFBD36BDC8BDAB
:1073F0002FBCE1BD73B2FABD87CF09BE834016BE74
:10740000B5AB22BEA2102FBECF6E3BBEC2C547BEDB
:10741000011554BE135C60BE7F9A6CBECCCF78BEA3
:10742000C07D82BE938E88BE229A8EBE32A094BE4C
:1074300086A09ABEE59AA0BE128FA6BED47CACBE32
:10744000EF63B2BE2A44B8BE491DBEBE15EFC3BE2F
:1074500053B9C9BECA7BCFBE4136D5BE80E8DABEBD
:107460004F92E0BE7533E6BEBBCBEBBEEA5AF1BE2F
:10747000CBE0F6BE275DFCBEE4E700BF3D9C03BF4A
:10748000824B06BF9BF508BF6B9A0BBFDA390EBF64
:10749000CDD310BF2A6813BFD9F615BFC07F18BF60
:1074A000C6021BBFD17F1DBFCBF61FBF996722BF8E
:1074B00025D224BF563627BF159429BF4AEB2BBFD0
:1074C000DE3B2EBFBB8530BFC9C832BFF30435BF1A
:1074D000233A37BF426839BF3B8F3BBFF9AE3DBF50
:1074E00067C73FBF70D841BF01E243BF03E445BF58
:1074F00065DE47BF12D149BFF8BB4BBF029F4DBFEE
:10750000207A4FBF3D4D51BF491853BF31DB54BFA7
:10751000E59556BF534858BF6AF259BF1A945BBFEE
:10752000532D5DBF05BE5EBF214660BF97C561BFDD
:107530005A3C63BF59AA64BF880F66BFD86B67BF48
:107540003CBF68BFA7096ABF0C4B6BBF5E836CBFB3
:1075500093B26DBF9ED86EBF73F56FBF080971BF40
:10756000521372BF471473BFDD0B74BF0BFA74BFA5
:10757000C6DE75BF07BA76BFC58B77BFF85378BF35
:10758000981279BF9DC779BF02737ABFBE147BBFC3
:10759000CDAC7BBF283B7CBFC9BF7CBFAC3A7DBFB5
:1075A000CCAB7DBF23137EBFB0707EBF6DC47EBFEA
:1075B000580E7FBF6D4E7FBFAB847FBF0FB17FBFC3
:1075C00097D37FBF43EC7FBF11FB7FBF000080BF1D
:1075D00011FB7FBF43EC7FBF97D37FBF0FB17FBF4E
:1075E000AB847FBF6D4E7FBF580E7FBF6DC47EBF23
:1075F000B0707EBF23137EBFCCAB7DBFAC3A7DBFE6
:10760000C9BF7CBF283B7CBFCDAC7BBFBE147BBF5A
:1076100002737ABF9DC779BF981279BFF85378BFBC
:10762000C58B77BF07BA76BFC6DE75BF0BFA74BFCE
:10763000DD0B74BF471473BF521372BF080971BFCB
:1076400073F56FBF9ED86EBF93B26DBF5E836CBF84
:107650000C4B6BBFA7096ABF3CBF68BFD86B67BF45
:10766000880F66BF59AA64BF5A3C63BF97C561BF04
:10767000214660BF05BE5EBF532D5DBF1A945BBF40
:107680006AF259BF534858BFE59556BF31DB54BF26
:10769000491853BF3D4D51BF207A4FBF029F4DBF88
:1076A000F8BB4BBF12D149BF65DE47BF03E445BFFE
:1076B00001E243BF70D841BF67C73FBFF9AE3DBFCE
:1076C0003B8F3BBF426839BF233A37BFF30435BF16
:1076D000C9C832BFBB8530BFDE3B2EBF4AEB2BBFD4
:1076E000159429BF563627BF25D224BF996722BFDC
:1076F000CBF61FBFD17F1DBFC6021BBFC07F18BF07
:10770000D9F615BF2A6813BFCDD310BFDA390EBF23
:107710006B9A0BBF9BF508BF824B06BF3D9C03BF16
:10772000E4E700BF275DFCBECBE0F6BEEA5AF1BE3F
:10773000BBCBEBBE7533E6BE4F92E0BE80E8DABE4F
:107740004136D5BECA7BCFBE53B9C9BE15EFC3BE45
:10775000491DBEBE2A44B8BEEF63B2BED47CACBEE7
:10776000128FA6BEE59AA0BE86A09ABE32A094BE95
:10777000229A8EBE938E88BEC07D82BECCCF78BE4C
:107780007F9A6CBE135C60BE011554BEC2C547BE75
:10779000CF6E3BBEA2102FBEB5AB22BE834016BE3D
:1077A00087CF09BE73B2FABD2FBCE1BD36BDC8BDDF
:1077B00080B6AFBD04A996BD752B7BBD2EFB48BD21
:1077C0002BC316BDB10AC9BC920E49BC0000008093
:1077D000000000000000000030313233343536370D
:1077E0003839414243444546403058003031323305
:1077F0003435363738396162636465664030780005
:107800000400000800000000000000020001000069
:1078100010000000000000004FBB610567ACDD3FB9
:10782000182D4454FB21E93F9BF681D20B73EF3FA7
:10783000182D4454FB21F93FE2652F227F2B7A3C1F
:10784000075C143326A6813CBDCBF07A8807703CD8
:10785000075C143326A6913CC4EB98999999C9BF4B
:10786000711623FEC671BCBF6D9A74AFF2B0B3BF80
:107870009AFDDE522DDEADBF2F6C6A2C44B4A2BF40
:107880000D5555555555D53FFF8300922449C23FAC
:107890006E204CC5CD45B73F513DD0A0660DB13FE0
:1078A000EB0D76244B7BA93F11DA22E33AAD903FF2
:1078B0004C5555555555A53F7751C1166CC156BF0E
:1078C0009015CB19A001FA3EAD529C804F7E92BE1E
:1078D000C4B1B4BD9EEE213ED43888BEE9FAA8BD3D
:1078E000000000000000000000004054FB21F93FB0
:1078F0003163621A61B4D03D0000601A61B4D03DBA
:107900007370032E8A19A33B0000002E8A19A33B33
:10791000C14920259A837B39000000000000000047
:107920006E83F9A22915444ED15727FCC0DD34F5EA
:10793000999562DB4190433CAB6351FE61C5BBDE70
:107940003A6E24B7E0D24D42EA2E49061C92D10984
:107950001CEB1DFE3EA729B1F53582E88444BB2E01
:1079600026709CE9417E5FB439D69139F43953834E
:107970008B5F849C3B28F9BDFF97F81F0F9805DEAD
:107980008B112FEF1F6D0A5ACF7E366DB709CB27AB
:10799000663F464F2DEA5F9EC7BA27757BF1E5EB40
:1079A000F739073DEA92528AB15FFB6B085D8D1F84
:1079B000000000006E83F9A22915444ED15727FC20
:1079C000C0DD34F5999562DB4190433CAB6351FED9
:1079D000A6F810111111813FD561C119A0012ABF6C
:1079E0007DFEB157E31DC73EEB9C2B8AE6E55ABEF0
:1079F0007CD5CF5A3AD9E53D30313233343536373C
:107A000038396162636465667870003031323334CE
:107A10003536373839414243444546585000000016
:107A200002400000000000A000000000054000002F
:107A3000000000C8000000000C4000000000409C56
:107A400000000000194000000020BCBE0000000043
:107A500034400000BFC91B8E00000004B540000088
:107A6000504BCFD06607E2CF010000006C41000010
:107A70003E8251AADFEEA73401000000D942000087
:107A8000DCB5A0E23A301F97FFFFFFFFB4450000CE
:107A9000FD25A0C8E9A3C14FFFFFFFFFFF3F000086
:107AA0000000008000000000FF3F00000000008098
:107AB000000000004F4C4544000000004D4F544F63
:107AC000525F434D44000000524546455245450033
:107AD000424154544552595F564F4C54414745001A
:107AE000554152545F5245434549564500000000F8
:107AF000495744475F5441534B0000006C65640094
:107B000067696D62616C5461736B000043686173F7
:107B10007369735461736B00696D755461736B00A5
:107B20007465737400000000747C0108000000207C
:107B30009C070000C4010008A88001089C070020E1
:107B4000ACD00000280200081C0000004300000028
:107B5000F8FFFFFF0C0000000E0000000F00000007
:107B60002E0000001001000043000000F8FFFFFF9E
:107B70000040404040404040404041414141414040
:107B800040404040404040404040404040404040F5
:107B90004005020202020202020202020202020284
:107BA0000220202020202020202020020202020289
:107BB00002029090909090901010101010101010E1
:107BC00010101010101010101010101002020202ED
:107BD0000202888888888888080808080808080831
:107BE000080808080808080808080808020202022D
:107BF0004000000000000000000000000000000045
:107C00000000000000000000000000000000000074
:107C10000000000000000000000000000000000064
:107C20000000000000000000000000000000000054
:107C30000000000000000000000000000000000044
:107C40000000000000000000000000000000000034
:107C50000000000000000000000000000000000024
:107C60000000000000000000000000000000000014
:107C700000000000024100010025203333333F841F
:107C8000B8323E9A99993F0000C03F6F12833B0A79
:107C9000D7A33B0000803F8FC2F53D3480B7394603
:107CA00012803C00071A2041C0E1E44B0840050067
:107CB000005C43083135B005A2FFFFFF464382FF59
:107CC000016110A392FF11D380BF740210BF840121
:107CD000232402103FBCC148117033FF0075517C52
:107CE000310E510501450190060205060606FC10FD
:107CF0000AC101002080200020AC0412940812C4A4
:107D00000C1006A9F800084D041251080146780627
:107D10001764C0E51841300010274759520041430D
:107D200043004D41470052454668602DE7416B3A9C
:107D300058A08B3A7D04017C000240AB0341000552
:107D40005308065804070F000810820911000A158D
:107D5000800B16000C18010D3465FA108CA470A469
:107D6000C16D27B7C2E7BBA6427B940F433789A6F4
:107D7000C287164DC26F1222C2F6680EC31FC522FB
:107D800043A4707B430A9743C33FF5C0C29CC4978A
:107D9000C1A47019426F126FC179E9A1C25C8F82D0
:107DA000C1A01AA1416F12EBC0D7A38641A089F6EA
:107DB000C0508DEFC1E6AE1BC14C373541448BA797
:107DC000C21F65A3C33DCA3D439A996243EC51E487
:107DD0004214AE63C383C0BAC1060109C2FD87085D
:107DE00041D4F1C8BEB81EBA2C101630C1BC749B69
:107DF000C12FDD53C2AA7180C23D4A5C430AD7AC91
:107E000084104A6D43D3A4D4BE60E538C18B6CD7CF
:107E1000C01058A741008045C291ED844125061A43
:107E2000C237099E4281155342F6A862C221B0852D
:107E3000C266E616C2F4FD5AC19A99B8410AD7BF84
:107E4000418B6C33C15EBAE8C10C0291BC23A4C162
:107E5000EC21F421E821F021F821F021EC21F4219A
:107E6000E821F021F811F011DC136F41F412C2E89F
:107E700012C1F01241F8150013EB40EC1240F4214E
:107E8000E821F01241F82241C021BC21C421B821CF
:107E9000C021C821C021BC21C421B821C021C825CE
:107EA00020251C25242518252025282520251C25AE
:107EB0002425182520252821F021EC21F421E82172
:107EC000F021F821F021EC21F421E821F021F8142F
:107ED000BC832FC640DBF952413BDFFCC12731E6B2
:107EE000C1E1FA4A4222FDFEBF355E2C4117D9AEF0
:107EF00041DBF965C2C1CA49C2D1A2BC42BEC18739
:107F0000BF9EEFDEC1643BC14104D608C2E17A3AAC
:107F1000C10B4601C0B21D35420E2D2CC1287E0575
:107F2000414A0C4EC13F578DC0F8FC38BFCBA17FF2
:107F300041B89E0042FE430641E5D0FBC14A8C4554
:107F4000421203A74268B346C0BD521A417D3FAEFC
:107F5000C1247F503FD5F82742C3D3F740ABCF10A1
:107F6000C1AB3EA540D95F014177FEA9C2A09A42AC
:107F7000C202EBB542C52086C287DCAC3E94F688CF
:107F800040C3F556C123DBEBC06666864C142665FC
:107F9000C1EC5124C20A579CC2B29D2F4212C3B3F6
:107FA00042C3F510BFFA7E1EC239B444C1D578BFB2
:107FB000C1448B3AE4300AD04111363440DF4F31AE
:107FC000F021EC21F421E821F021F821F021EC212D
:107FD000F421E821F021F811F021EC1242F412C151
:107FE000E812C2F01240F81241F021EC1241F412F2
:107FF000C1E812C1F0123FF82240C021BC21C421C7
:10800000B821C021C821C021BC21C421B821C02170
:10801000C82520251C252425182520252825202590
:108020001C252425182520252821F021EC21F421C8
:10803000E821F021F821F021EC21F421E821F021C0
:10804000F8ED1E06100A6740533A99330020A80441
:1080500012B70412C60412D50412E40412F3181065
:1080600006113400202004122F04123E04124D0485
:10807000125C04126B0412890412C520100601352B
:1080800000203D041279082D40052E01BD06332441
:10809000F408037810000112AA01ADF8042005CD00
:0880A000CC1C410400000000AB
:040000050800018965
:00000001FF
